url,title,date,length_s
https://www.youtube.com/watch?v=o61S1MnpG9c,熱が冷めるとき｜#74 裏ラジオウルナイト｜大浦るかこ // あにまーれ,2023-03-03,6722
https://www.youtube.com/watch?v=DjD9aKYtVz0,【裏ラジ#73】母校の様子が変 / 裏ラジオウルナイト【大浦るかこ / あにまーれ】,2023-02-24,6272
https://www.youtube.com/watch?v=MpPw4htq3ZE,【裏ラジ#72】葬式で流す曲 / 裏ラジオウルナイト【龍ヶ崎リン・大浦るかこ / あにまーれ】,2023-02-17,8647
https://www.youtube.com/watch?v=5M9wGdW7ko0,【裏ラジ#71】珈琲vs紅茶 / 裏ラジオウルナイト【ハヤシ・大浦るかこ / あにまーれ】,2023-02-10,6681
https://www.youtube.com/watch?v=H5tBNC5j_E8,【裏ラジ#70】酒・入門 / 裏ラジオウルナイト【大浦るかこ / あにまーれ】,2023-02-03,6711
https://www.youtube.com/watch?v=NAHcvyZsRjc,【裏ラジ#69】有閑喫茶あにまーれ / 裏ラジオウルナイト【黒猫ななし・大浦るかこ / あにまーれ】,2023-01-20,6762
https://www.youtube.com/watch?v=ppU0-MX0q4Y,【裏ラジ#68】大人の定義 / 裏ラジオウルナイト【大浦るかこ / あにまーれ】,2023-01-13,6241
https://www.youtube.com/watch?v=YmW45B5FRSo,【裏ラジ#67】三大○○ドラマ / 裏ラジオウルナイト【大浦るかこ / あにまーれ】,2023-01-06,6199
https://www.youtube.com/watch?v=5NKuiaeFFo0,【裏ラジ#66】2022年俺のトップニュース / 裏ラジオウルナイト【大浦るかこ / あにまーれ】,2022-12-30,5607
https://www.youtube.com/watch?v=SgmH7uaE-ac,【裏ラジ#65】いまどこにいるの、AI / 裏ラジオウルナイト【大浦るかこ / あにまーれ】,2022-11-26,7125
https://www.youtube.com/watch?v=CdQnrusbXjs,深夜ラジオ総集編#01～#50【大浦るかこ / あにまーれ】,2022-11-11,745
https://www.youtube.com/watch?v=hzjSBDwMMPU,【裏ラジ#64】三大〇〇映画 / 裏ラジオウルナイト【大浦るかこ / あにまーれ】,2022-11-04,6724
https://www.youtube.com/watch?v=QnN-WJTq3dI,【裏ラジ#63】愛される女 / 裏ラジオウルナイト【大浦るかこ / あにまーれ】,2022-10-28,8039
https://www.youtube.com/watch?v=7czAyUWDraM,【裏ラジ#62】ヤバイバイト / 裏ラジオウルナイト【大浦るかこ / あにまーれ】,2022-10-21,6411
https://www.youtube.com/watch?v=B1A8eGLymfo,【裏ラジ#61】ラインの向こう企画室 / 裏ラジオウルナイト【大浦るかこ / あにまーれ】,2022-10-07,5995
https://www.youtube.com/watch?v=9z4fBhzkkcs,【裏ラジ#60】最高の舞台 / 裏ラジオウルナイト【ディズム・大浦るかこ / あにまーれ】,2022-09-16,8333
https://www.youtube.com/watch?v=8IkAcBObh34,【裏ラジ#59】最高の旅行 / 裏ラジオウルナイト【大浦るかこ / あにまーれ】,2022-09-09,7562
https://www.youtube.com/watch?v=G72L19aS0v8,【裏ラジ#58】NEXTなろう系トレンド / 裏ラジオウルナイト【大浦るかこ / あにまーれ】,2022-08-26,6477
https://www.youtube.com/watch?v=nPiwbkh3K0s,【裏ラジ#57】推しと結婚したら / 裏ラジオウルナイト【大浦るかこ / あにまーれ】,2022-08-19,5495
https://www.youtube.com/watch?v=kuizcjVy5F4,【裏ラジ#56】地元の様子が変 / 裏ラジオウルナイト【大浦るかこ / あにまーれ】,2022-08-12,7193
https://www.youtube.com/watch?v=2PdydvT-j_M,【裏ラジ#55】夏休みおとな科学適当相談 / 裏ラジオウルナイト【緋笠トモシカ・大浦るかこ / あにまーれ】,2022-08-05,8883
https://www.youtube.com/watch?v=gNIGPLTGWeE,【裏ラジ#54】8月31日予想図 / 裏ラジオウルナイト【大浦るかこ / あにまーれ】,2022-07-29,6494
https://www.youtube.com/watch?v=uo62XWB8MWk,【裏ラジ#53】YouTube怪談 / 裏ラジオウルナイト【大浦るかこ / あにまーれ】,2022-07-22,6386
https://www.youtube.com/watch?v=ukS263c28CQ,【裏ラジ#52】リスナー職業体験 / 裏ラジオウルナイト【大浦るかこ / あにまーれ】,2022-07-15,7942
https://www.youtube.com/watch?v=aZ6hRj6jPFs,【裏ラジ#51】好感度の鬼 / 裏ラジオウルナイト【天城てん・大浦るかこ / あにまーれ】,2022-07-08,6625
https://www.youtube.com/watch?v=LKF4EJ15WA0,【裏ラジ#50】上半期ベスト774inc. / 裏ラジオウルナイト【大浦るかこ / あにまーれ】,2022-07-01,6268
https://www.youtube.com/watch?v=6GhwkS6Qeh0,【裏ラジ#49】ホモサピ進化予想 / 裏ラジオウルナイト【大浦るかこ / あにまーれ】,2022-06-24,6777
https://www.youtube.com/watch?v=7t169Sd22Zo,【裏ラジ#48】未来視！4周年イベント / 裏ラジオウルナイト【大浦るかこ / あにまーれ】,2022-06-17,4756
https://www.youtube.com/watch?v=1fehNseIxr0,【裏ラジ#47】セクシー&健康ラジオ第2回 / 裏ラジオウルナイト【藍月なくる・大浦るかこ / あにまーれ】,2022-05-27,8093
https://www.youtube.com/watch?v=zkZth1x8v2g,【裏ラジ#46】学園祭の幻覚 / 裏ラジオウルナイト【大浦るかこ / あにまーれ】,2022-05-20,6310
https://www.youtube.com/watch?v=_QWhsnQDn14,【裏ラジ#45】耳から胃薬 / 裏ラジオウルナイト【大浦るかこ / あにまーれ】,2022-05-13,6211
https://www.youtube.com/watch?v=ivWk9Pps1dk,【裏ラジ#44】はじめまして、VRChat / 裏ラジオウルナイト【大浦るかこ / あにまーれ】,2022-05-06,6816
https://www.youtube.com/watch?v=e56G5uv6Chw,【裏ラジ#43】第二の鼻毛通知代行サービス / 裏ラジオウルナイト【大浦るかこ / あにまーれ】,2022-04-29,6166
https://www.youtube.com/watch?v=Rj995gQ99l8,【裏ラジ#42】最強のファーストインプレッション / 裏ラジオウルナイト【大浦るかこ / あにまーれ】,2022-04-22,6327
https://www.youtube.com/watch?v=jYFrbYm4Os0,【裏ラジ#41】春なんかきらいだった / 裏ラジオウルナイト【大浦るかこ / あにまーれ】,2022-03-25,6612
https://www.youtube.com/watch?v=7McLrcXGC5o,【裏ラジ#40】あれが人生のターニングポイント / 裏ラジオウルナイト【大浦るかこ / あにまーれ】,2022-03-18,6756
https://www.youtube.com/watch?v=OfynYom9wyY,【裏ラジ#39】誰も知らない理想のヒロイン / 裏ラジオウルナイト【大浦るかこ / あにまーれ】,2022-03-11,6908
https://www.youtube.com/watch?v=DE2RFPMHzzU,【裏ラジ#38】こじらせオタクの一生 / 裏ラジオウルナイト【神楽すず・大浦るかこ / あにまーれ】,2022-02-25,7142
https://www.youtube.com/watch?v=G5Btum6S2p0,【裏ラジ#37】撃ち抜けウィンター・ブルー / 裏ラジオウルナイト【大浦るかこ / あにまーれ】,2022-02-18,6040
https://www.youtube.com/watch?v=OqWdn6wgcq4,【裏ラジ#36】ようこそ野生のプロデューサー / 裏ラジオウルナイト【大浦るかこ / あにまーれ】,2022-02-11,6165
https://www.youtube.com/watch?v=kZDan-OiDko,【裏ラジ#35】そろそろチョコレートも飽きた？ / 裏ラジオウルナイト【大浦るかこ / あにまーれ】,2022-01-28,6523
https://www.youtube.com/watch?v=efm03R9Dd9g,【裏ラジ#34】東大生の生態 / 裏ラジオウルナイト【ハヤシ・緋笠トモシカ・大浦るかこ / あにまーれ】,2022-01-21,7763
https://www.youtube.com/watch?v=6YJZl5LBcNk,【裏ラジ#33】2022年予言の書 / 裏ラジオウルナイト【大浦るかこ / あにまーれ】,2022-01-14,6541
https://www.youtube.com/watch?v=R2TJ4QuxTXc,【裏ラジ#32】推し布教 制約と誓約 / 裏ラジオウルナイト【大浦るかこ / あにまーれ】,2022-01-07,5795
https://www.youtube.com/watch?v=QnRJwJ0h248,【裏ラジ#31】性の6時間企画会議 / 裏ラジオウルナイト【大浦るかこ / あにまーれ】,2021-12-03,5805
https://www.youtube.com/watch?v=vPzPIkUAx8o,【裏ラジ#30】TikTokerになります / 裏ラジオウルナイト【大浦るかこ / あにまーれ】,2021-11-26,5647
https://www.youtube.com/watch?v=CY6tRytwchg,【裏ラジ#29】セクシー&健康ラジオ / 裏ラジオウルナイト【藍月なくる・大浦るかこ / あにまーれ】,2021-11-19,5279
https://www.youtube.com/watch?v=ZXa6ghMUFlU,【裏ラジ#28】消えたね、秋 / 裏ラジオウルナイト【大浦るかこ / あにまーれ】,2021-11-12,4383
https://www.youtube.com/watch?v=UnOjRRJ4az8,【裏ラジ#27】ハロウィンの次に流行る季節行事はこれだ / 裏ラジオウルナイト【大浦るかこ / あにまーれ】,2021-10-29,5929
https://www.youtube.com/watch?v=LU0OsWsbLII,【裏ラジ#26】結婚てなんだ / 裏ラジオウルナイト【大浦るかこ / あにまーれ】,2021-10-22,6834
https://www.youtube.com/watch?v=oAfyjC3o-fs,【裏ラジ#25】ここが今夜のオトナ帝国 / 裏ラジオウルナイト【西園寺メアリ・大浦るかこ / あにまーれ】,2021-10-08,6787
https://www.youtube.com/watch?v=pwrFKvke9gM,【裏ラジ#24】抜きたい度肝 / 裏ラジオウルナイト【大浦るかこ / あにまーれ】,2021-10-01,6456
https://www.youtube.com/watch?v=0fGgqyHBGVw,【裏ラジ#23】バチボコキュートなマスコット研究会 / 裏ラジオウルナイト【大浦るかこ / あにまーれ】,2021-09-17,6510
https://www.youtube.com/watch?v=9ZaVtv4giQg,【裏ラジ#22】なんでいつもこういう子を好きになっちゃうんだ2021 / 裏ラジオウルナイト【大浦るかこ / あにまーれ】,2021-09-10,6232
https://www.youtube.com/watch?v=qKoVM_DFwG0,【裏ラジ#21】配信で見たいこんなTRPG / 裏ラジオウルナイト【ディズム・大浦るかこ / あにまーれ】,2021-09-03,6934
https://www.youtube.com/watch?v=IvY_Dy41uvU,【裏ラジ#20.5】ありがち虚無Q&Aの模範解答を決めよう / 裏ラジオウルナイト【大浦るかこ / あにまーれ】,2021-08-27,5145
https://www.youtube.com/watch?v=Vb07xUsqCF4,【裏ラジ#20】なかった夏の思い出で無聊を慰めよう / 裏ラジオウルナイト【大浦るかこ / あにまーれ】,2021-08-20,5949
https://www.youtube.com/watch?v=NWIYNwuFEOE,【裏ラジ#19】あにまーれへのラブレター音読フェスティバル第2回！裏ラジオウルナイト【大浦るかこ / あにまーれ】,2021-08-13,5910
https://www.youtube.com/watch?v=QfbHwQ3IT_E,【裏ラジ#18】たとえばこんなマダミス妄想 / 狂気の裏山ラジオ【まだら牛・ダバ・大浦るかこ / あにまーれ】,2021-08-06,5668
https://www.youtube.com/watch?v=ZGv8D-k55_o,【裏ラジ#17】バーチャルアイドルを妄想プロデュース！裏ラジオウルナイト【大浦るかこ / あにまーれ】 #るかこ潜入中,2021-07-23,6095
https://www.youtube.com/watch?v=ImRNaP7bbOE,【裏ラジ#16】雨の日に家でアソビ大全 / 裏ラジオウルナイト【大浦るかこ / あにまーれ】,2021-07-16,7123
https://www.youtube.com/watch?v=gLOl5mqddAw,【裏ラジ#15】女心調査委員会に初恋泥棒を召喚！裏ラジオウルナイト【宗谷いちか・大浦るかこ / あにまーれ】,2021-07-02,6116
https://www.youtube.com/watch?v=sg3zs4fcgwc,【裏ラジ#14.5】『正解は超獣歌合戦後』予想大会答え合わせ / 裏ラジオウルナイト【大浦るかこ / あにまーれ】,2021-06-25,4867
https://www.youtube.com/watch?v=yzd-tUfSezs,【裏ラジ#14】あにまーれの夢小説大募集！裏ラジオウルナイト【大浦るかこ / あにまーれ】,2021-06-11,5847
https://www.youtube.com/watch?v=WYKFCC_ZUVA,【裏ラジ#13】見てほしいとは言いづらいキュアシナプス死滅回 / 裏ラジオウルナイト【大浦るかこ / あにまーれ】,2021-05-28,6487
https://www.youtube.com/watch?v=MAubQPZAQO8,【裏ラジ#12】NOT黒歴史、オリジナル小説の設定大開陳！裏ラジオウルナイト【大浦るかこ / あにまーれ】,2021-05-21,6532
https://www.youtube.com/watch?v=EcwyzEXqdP0,【裏ラジ#11】これを知らなきゃ脱リリンなおすすめコンテンツ紹介！ 裏ラジオウルナイト【大浦るかこ / あにまーれ】,2021-05-14,7017
https://www.youtube.com/watch?v=830TM5THxT4,【裏ラジ#10】モラトリアムおとな科学適当相談 /  裏ラジオウルナイト【緋笠トモシカ・大浦るかこ / あにまーれ】,2021-05-07,5153
https://www.youtube.com/watch?v=ntuAYZu_xTk,【裏ラジ#09】テレワークとどう付き合ってる？ 裏ラジオウルナイト【大浦るかこ / あにまーれ】,2021-04-30,5771
https://www.youtube.com/watch?v=dQ9qMOyHvWI,【裏ラジ#08】春眠打破しちゃいましょうか？ / 裏ラジオウルナイト【大浦るかこ / あにまーれ】,2021-04-23,5453
https://www.youtube.com/watch?v=3pieOlMfktw,【裏ラジ#07】眠れない夜になにしてる？ / 裏ラジオウルナイト【大浦るかこ / あにまーれ】,2021-04-16,5799
https://www.youtube.com/watch?v=i3HgUg4mN5c,【裏ラジ#06】最近開いた新たな扉！ 裏ラジオウルナイト【大浦るかこ / あにまーれ】,2021-04-09,5624
https://www.youtube.com/watch?v=KyqbpOXCEuo,【裏ラジ#05】恋愛マスター湖南に恋の相談 / 裏ラジオウルナイト【湖南みあ・大浦るかこ / あにまーれ】,2021-04-02,6358
https://www.youtube.com/watch?v=iOmD-qLEV5s,【裏ラジ#04】あにまーれメンバーへのラブレター公開⁉ 裏ラジオウルナイト【大浦るかこ / あにまーれ】,2021-03-26,5098
https://www.youtube.com/watch?v=cUvrBCues6Y,【裏ラジ#03】来年のホワイトデー何してそう？ 裏ラジオウルナイト【大浦るかこ / あにまーれ】,2021-03-19,4466
https://www.youtube.com/watch?v=dum7Tb2PDqw,【裏ラジ#02】今回はカニバらない！ 裏ラジオウルナイト【大浦るかこ / あにまーれ】,2021-03-12,4674
https://www.youtube.com/watch?v=f7BD5v7sLjc,【裏ラジ#01】初回 / 裏ラジオウルナイト【大浦るかこ / あにまーれ】,2021-03-05,4679
https://www.youtube.com/watch?v=eZqFnloVQaQ,【ラジオ準備回】聞かせてみんなのラジオ愛【大浦るかこ / あにまーれ】,2021-02-26,4227
