start_s,end_s,text
60,67,みんな 明日7時起きです
67,91,今夜もよろしくお願いします
97,102,なんか音が返ってきてる気がするのは私だけでしょうか
102,109,なんか遠くからね 私の声が聞こえてくるんですよ
109,114,なんか どこから?
114,119,え あなたのウララージュはどこから?
119,127,あれ 気のせいか これ聞こえてる? やっぱり?
127,133,どこから返ってきてるんだろうこれ ちょっと待ってくださいね
133,139,これ閉じて これも閉じて
139,150,これも閉じて 不用なものは何一つ開けていないはずだし
150,156,スマホついてない
156,158,セルフエコーかかってますよね
158,166,ちょっと待って OBSの設定を見直します
166,173,いや待って 遠くから聞こえるわ 私の声が
173,179,でもどこからかわからない
179,183,あれ もう直った?
183,189,スピーカーついてる? ステロミキサーが悪さしてる?
189,192,どこだ?
192,198,別の部屋の私のiPad確認してきていい?
198,204,iPadでつけっぱに いやでも私の配信を開いていないはずだし
204,211,ブラウザどっかつけてる? 隣人が見てる?怖っ
211,213,隣人が見てるの怖いわ ちょっと待ってね
213,220,本当に怖い ライブ前日に本当に怖い
220,225,音拾うわけないか そうだよね
225,230,どこなんだろうな 他に開いてるものは特にないんですよね
230,240,コメント欄と
240,247,多分これで直ったと思う どうですか?直ったかな?
247,251,多分直ったと思います 大変失礼しました
251,260,全然隣人じゃなくて私の別のPCから鳴ってました
260,267,私の別のPCから鳴ってました すみません
267,275,怖い 最近ちょっとPCの調子が悪くて
275,279,配信できるスペックではないんですけど
279,286,なんとかある程度別のPC繋いで分散できないかなと思って
286,289,負荷をいろいろ試してたんですよ 繋いだりとかして
289,294,そっちで開いてました びっくりしたマジで
294,303,いやー怖い そんな響くわけないもんね 隣人の生活音がさ
303,306,だって私結構ファスモフォビアとかやってる時
306,309,大きい声でなんか叫んだりとかしてるんでね
309,314,こんな恐ろしいことは本当に 幽霊見たり枯れおばなってね
314,319,大変失礼いたしました ということでね
319,325,日付変わって本日 もうすでにですね
325,330,6月18日となっておりますので アニマル学園祭ね
330,334,明日っていうか今日だけど頑張る 本当だよね
334,338,そうなんですよ 今日なんですよね
338,342,というのがアニマル学園祭がありまして
342,352,私は本日朝7時には起きないといけないっていうスケジューリングになっています
352,358,でもやります ラジオはね
358,362,リハーサルとか全体練習が全部金曜日に入ってくるために
362,365,2週間くらいラジオお休みしてしまって
365,368,めちゃめちゃラジオをやってないなっていう
368,373,別にね皆さんにとってみればそんな大したことでもないかもしれないんですけど
373,377,ちょっと個人的に習慣化されてきてたんで
377,381,なんか胃が落ち着かないというかね
381,384,だから前日だけど一回入れてみっかと思って
384,387,一回入れてみたら7時起きだった
387,392,スケジュール出すのがね結構ギリギリなんですよ
392,395,初めて勇気を取った ありがとうございます
395,399,なんかさっきね
399,401,さっき言ったかひかちゃん
401,405,私のね所属するU-KISSアニマルのひらひかりが
405,410,みんなコラボボイスツイートを聞いているみんな早く寝てね
410,414,明日は学園祭本番だよってツイートをしてたんだけど
414,418,リスナーさんは別に夕方6時に起きてればいいから
418,422,そんな今から寝なくてもよくないって思ったんだけど
422,427,私は寝なきゃいけないんだけど
427,429,皆さん6時からなんでね
429,433,皆さんは夕方の6時から 私は朝の7時からなんで
433,437,別に問題ないかと思いますけど
437,440,UQね取ってくださったりとか
440,446,スケジュール空けてるよって声もいただいてまして本当に嬉しいです
446,449,18時間寝て息を養えよというメッセージ
449,451,それはそうだわそれは確かに
451,454,惑うことなき
454,456,そうだよだってさ
456,461,いずみさんでさえ10時から配信始めて30分で終わらせてたのにさ
461,465,そんな息を酔うと1時から配信すんなよって感じだよね
465,469,今日は1時間で終わらせようかなと思いますさすがにね
469,474,みんな心配しちゃうかなって思うからさ
474,478,さすがに1時間で終わらせようと思います
478,481,ということで早速今日はそんなね
481,485,1時間で終わらせるというマニフェストを掲げたんで
485,491,早速1つ目のお便り読みたいと思います
491,493,普通音ね
493,497,もう普通音になってるわ
497,499,1つ目ラジオネーム
499,503,馬沢さんお便りありがとうございます
503,506,エルカゴさんこんばんはこんばんは
506,507,おしっこのものです
507,512,ちょっと汚い話汚い話っていうかちょっとおしっこの話です
512,516,前回は肺尿時に尿道に痛みが走るというところで終わっていたと思います
516,522,この方ね定期的に自分の尿が二股に分かれてしまったとか
522,527,そういうご報告を定期的にいただいている方なんですけど
527,531,前回は肺尿時に尿道に痛みが走るというところで終わっていたと思います
531,534,検査した結果性病にかかっていました
534,536,凛病でした
536,538,原因は私のワンダフルライフのようです
538,543,幸いにも抗生物質の入った点滴を打てば2日程度で治るとのことだったのですが
543,547,最近は抗生物質に耐性を持ったスーパー凛病なるものがあるようで
547,550,念のため2週間後にまた検査をすることになりました
550,557,検査当日診察室に呼ばれ顕微鏡で撮ったであろう自分のおしっこを先生と一緒に確認しました
557,561,そして先生の口から衝撃の一言がありました
561,565,馬面さん大丈夫ですよきれいなおしっこです
565,571,おしっこって汚いものでは?と疑問を持ちながらも私は診察室を出て診療代を払いました
571,574,るか子さんきれいなおしっこって何ですか?
574,577,というお便りをいただきました
577,578,うん
579,581,すごいなんかあのもう
581,587,おしっこにまつわる連載を私のラジオ上でやってくださってるみたいなね感じで
587,592,あのおしっこヒストリーがこう展開されているわけなんですけれども
592,594,馬面さんのね
594,598,そのおしっこっていうものはおそらくなんですけど
598,601,もともと体内にあるものだし
601,605,出てきた瞬間はそんなに汚くないんですよね
605,607,うん
607,610,であのそこからその
610,617,その体外にある雑菌とかと結びついてあんまりになるから汚いんじゃなかったっけ?
617,619,そうだよね
619,621,そうそうそうそう
621,623,おしっこはろ過されてるから
623,626,こされてるから基本きれいで雑菌湧きやすい
626,632,つまりその体内からその出た瞬間はまだきれいなんだよね
632,634,そう
634,636,だから
636,640,出してすぐ見たんだったらきれいだってことですよ
640,642,うん
642,643,そうそうそうそう
643,646,飲料療法とかちょっとどうかはわかんないけどね
646,648,うん
648,649,なんでね
649,653,あのアンモニアじゃなければ大丈夫っていうことなんで
653,654,鮮度が命
654,658,あの三病ルールも実際あるらしいですからねそういうのも
658,667,みんなその落ちてから3秒だったらきれいだから食べてもokという謎のねあの言い訳をしてるじゃないですか自分に対して
667,676,でもそれって案外間違いでもなくて実際その落ちてすぐさまあの汚くなってしまうわけではなくて
676,683,だいたいもう数秒ぐらいだったら大丈夫みたいな何秒以上だとさすがにあんま口に入れない方がいいみたいなのあるらしいんですけど
683,692,とかをねあの何かしらで多分ツイッターで見たと思います
692,703,そう尿素は大丈夫なんじゃなかっただってなんかハンドクリームとかで尿素が含まれてるやつあるじゃないですか尿素3%とかじゃない
703,708,まあでも三病ルールは落ちた場所によるよね
708,710,確かにね
710,714,ただまあ人間なんてそんな別に
714,726,いやどうなんだろう今の人間って基本的にその菌から解き放たれて普段生きてるから逆に弱くなってそうだよね免疫が落ちてるというか
726,730,なんかあの子供もだいたい
730,742,家でもともと生まれた瞬間から犬を飼ってたり動物飼ってたりすると菌に対する免疫というか抵抗力が高くなるみたいな話を聞いたことあるし
742,750,だから意外とそのあまりにも除菌しすぎることによって体勢が低くなるっていうのはあるのかもしれないなぁと思いますよね
750,760,だってなんかあのいわゆるその海外に渡航して普通に現地の人は普通に飲めてる水とかを旅行者が飲むとお腹壊したりするじゃない
760,765,そう田舎育ちの方が強い理論ね
765,773,そうっていうのがあるからね意外とそんななんかあのいやもうバッチリからやめなさいっていうのも
773,782,まあなんだろうねまあそんなに厳格に守る必要もないのかもしれないと思いますね
782,786,除菌しまくりだもんね今ね
786,793,ということでまたねちょっとワンダフルライフが原因だっていうことがもし
793,796,あの分かっていらっしゃるのであれば
796,803,まあでもどうなんですかねまあリスナーさんにはね皆さん健康でいてほしいなと思うんですけど
803,811,あのこれは本当にねあのうちの母もよく言ってますけどうちの母はヘビースモーカーなんですが
811,813,この話も何回かしてるんですけどね
813,817,もうタバコ吸えなくなるんだったら死んだ方がマシと常々自分で言ってますので
817,821,私はそれを尊重したいなと思ってるのでね
821,826,俺は健康じゃなくてもいいこれからもワンダフルし続けたいというのであれば
826,833,止める権利はありませんからねこれからもワンダフルしていただけたらなと思うんですけど
833,843,でも極力健康でね病気にかからず生きていただけると個人的には嬉しいなって感じ
843,848,あまりワンダフラないようにねそう
848,851,泡まわれは有料店なのでね
851,854,ハプニング喫茶泡まわれね
854,863,なんかあの昨日だっけ一昨日ちょっともう最近ちょっとバタバタしててね記憶が曖昧なんですけど
863,866,一昨日かな世野原いずみさんのチャンネルで
866,869,ハプニング喫茶泡まわれっていう配信をしまして
869,874,なかなか攻めてる内容だったのかもしれないんですけど
874,882,架空のね泡まわれの架空のレポートを募集してみんなで読むっていう配信だったんですけど
882,887,非常にその皆さん力の入ったねレポートを寄せいただいてて
887,891,2日で300通来たらしいんですよレポートが
891,893,でね私すごい嬉しかったんだけど
893,899,あの多分その結構ね皆さん自分の推しについてね
899,909,推しというか普段なんか配信見てるよっていうメンバーのレポートをたくさん書いてくださってるのかなという節も多分あるのかなと思うんですけど
909,914,まあとにかくいずみさん全部そのレポートチェックしてくれたいずみさん曰く
914,922,すごいそのオーラルカコーアークで送ってくれた方の日本語が非常に読みやすかったというお褒めに預かりまして
922,925,とても嬉しかったです
925,929,すごい読みやすかった
929,933,ハプニングキスあわまわれのレポートが
933,936,オーラルカコー部門の
936,942,あとなんかすごい断捨離されない方が多かったっていうのは傾向としてねありましたけど
942,944,なんかその
944,949,私もその出るとき
949,952,告知があわまわれ配信の
952,957,出るときにハプニングバーと
957,960,いわゆるあわまわれで想定される店舗とは
960,963,業態が違うよなっていうのは
963,966,まあそうだよなと思ってたんですけど
966,971,あんまりそのなんだろうやっぱりねそれが
971,976,私はなんかまあ違うだろうなと思ってたんだけどいずみさんとかやっぱ一部のリスナーさんは
976,983,結構そのなんだろ店舗の業態の違いとかはご存じない方もいたみたいでそれで新しくね
983,985,知識を得たというか
985,989,ハプニングバーとはとかなんか
989,992,ね
992,1000,箱減るとはみたいな感じでそういろいろ調べてくれた方もいたみたいでなんか検索履歴が大丈夫かなと思って非常に心配です
1000,1007,皆さんねシークレットモードっていう便利な機能がGoogle Chromeにね実装されておりますのでそちらぜひ使い
1007,1010,いただけたらと思いますねそう
1010,1013,ハプニングのお店に関しては最近結構ね
1013,1015,なんていうんだろう
1015,1018,話題にもねなっていたりしてインターネット上で
1018,1023,でなんかそれで扱うの大丈夫かなということもね
1023,1026,あの懸念ではあったんですけれども
1026,1030,特に誰からも今のところ怒られておりませんので
1030,1033,良かったです
1033,1035,はいということで
1035,1041,馬皿さん今後もね健康に過ごしていただけたら幸いですでは次のお便り読ませていただきます
1041,1046,瀬戸内タイガーランペイジさんからの普通だお便りありがとうございます
1046,1056,よかごさんリスリスさんの皆さんこんばんは突然ですがブルースはお好きですかブルースというと地味で新規くさい音楽というイメージをお持ちの方が多いのではないでしょうか
1056,1064,しかしそれも由来から考えればさもありなブルーストは名前の通りブルーな気分憂鬱な心情を歌ったものなのです
1064,1070,奴隷としてアメリカに連れてこられたアフリカ人たちの労働家そしてフィールドハラーがブルースの由来だと言われています
1070,1077,彼らは厳しい監視と暴力による奴隷生活の中で人生の悲しみと遠い故郷への思いを歌に込めたのです
1077,1086,またアフリカ出身の彼らの歌声には特有ののまりがありどこか物悲しい哀愁漂うその音階はブルーの音と呼ばれるようになりました
1086,1092,1863年に林間によって奴隷解放宣言が出された後も彼らの苦しい生活は続きました
1092,1101,しかしそれでも生まれた僅かな余暇に安価なギターを用いて歌い続けたことによって少しずつブルースという音楽が確立されていったのです
1101,1113,そして20世紀初頭W.C.ハンディという男性が駅で電車を待っていた時ギターの弦にナイフを押し付けて音を鳴らしむせび泣くような声で歌う老人を目撃しました
1113,1119,その様子に衝撃を受けたハンディがこれを広めたことでブルースは音楽のジャンルとして世に広まっていきました
1119,1128,その後ブルースはR&Bやソウルミュージック、ロックンロールなど数多くのジャンルに影響を与えており彼らの魂は今もなお受け継がれているといえるでしょう
1128,1132,特にブルーノートは現代の曲でも頻繁に耳にします
1132,1139,皆さんが音楽を聴いている時ふとメロディに相性を感じることがあればそれは彼らの魂に触れているからなのかもしれませんね
1139,1148,さてお便りの定石としてはここらでおすすめのブルースの曲やアーティストを紹介するものなのでしょうが残念ながらそれはできません
1148,1151,私は別にブルースが好きではないからです
1151,1153,地味で神奇臭いですからね
1154,1156,というお便りいただきました
1156,1160,最後の突き放し方がすげーなと思って読ませていただきました
1162,1163,なんかあのー
1163,1165,ははははは
1167,1169,ここまで語ったらサゾ
1169,1172,サゾを好きなんだろうなと思うでしょ
1172,1174,聞かないらしいですね
1174,1177,はしご初試食にかと言われて
1177,1179,私もびっくりしました最初の時ね
1179,1182,サゾねお好きなんだろうなと思っていたので
1182,1185,なんかブルーノートってお店ありませんか?
1185,1187,あれブルーノートってでもジャズじゃない?
1187,1188,あれ?
1188,1190,違ったかな?
1190,1192,なんかねあのー
1193,1195,新宿に
1196,1200,結構その昔行ったんで今もあるかわかんないんですけど
1200,1203,あのブルックリンパーラーっていうカフェがあって
1203,1207,そのブルックリンパーラーって結構その
1207,1208,なんだろうジャズ
1208,1210,え?ジャズだっけ?
1210,1213,ちょっと何もかも合ってないかもしれないんですけど
1213,1215,なんかその
1215,1219,本がたくさん置いてあるって聞いて行ったら
1219,1222,なんかそこでねそのブルーノートっていうお店のね
1222,1226,なんかチラシかなんかを見たような気がするんだよな
1226,1229,ブルーノートジャズ中心ですよね
1229,1230,そう
1230,1232,ジャズはブルースの発展系
1232,1234,あそうなんだ
1234,1235,へー
1235,1237,ブルーノートはもともとジャズのレーベルで
1237,1239,店としてはブルーノート東京がある
1239,1241,あそうなんだ
1241,1243,なんかあのー
1243,1247,ララランドを見た時に
1247,1252,まあララランドってすごいジャズが好きな男性と
1252,1254,まあそのヒロインがね
1254,1256,えーっと
1256,1260,待ってヒロインの女優の名前を今思い出すからちょっと待って
1260,1263,ライアンゴゾリングとね
1263,1265,ストーン
1265,1267,ストーン
1267,1269,ストーン
1269,1271,ストーン
1271,1273,ちょっと待ってストーンしか言ってない
1273,1277,ははははは
1277,1280,もうとにかくめっちゃ可愛い子だ確か
1280,1283,うんめっちゃ可愛いのよ
1283,1284,そう
1284,1286,ライアンゴゾリングと
1286,1288,えーストーン
1288,1292,ストーンでもないかもしんないわもはや
1292,1294,ドクターストーンではない
1294,1297,そのうち思い出すかもしれないから
1297,1301,ちょっと一旦寝かせておこう
1301,1302,なんですけど
1302,1307,あのすごいねそのジャズに重きを浮いた映画で
1307,1308,曲も全部素敵だしね
1308,1311,サントラもよく聴いてるんですけどララランド
1311,1313,なんかその
1313,1320,ジャズをテーマにした映画って結構今まで見たことあるなーって思うんだけど
1320,1322,ブルースをね
1322,1324,あのテーマにした
1324,1329,映画とか作品って今まであんまり触れてこなかったなーと思って
1329,1330,そう
1330,1332,でなんかその
1332,1335,そういうのって結構そのなんだろうな
1335,1339,人間ってやっぱ物語に弱いじゃないですか
1339,1346,物語性が付与されると突然なんか浸透率が異常に高まるから
1346,1349,なんかそういうその
1349,1354,入り口になる作品みたいなものが身近にあるといいなーって
1354,1359,ジャパリパークのオープニングにブルーノート使われてる?
1359,1361,え?そうなの?
1361,1364,Welcome to ようこそジャパリパーク
1364,1365,でしょ
1365,1368,ドッタンバッタン大騒ぎ
1368,1370,どんどこどんどこどんどんどんどんどん
1370,1371,うーーー
1371,1372,2冊
1372,1373,あれブルーノートなの?
1373,1375,めちゃめちゃ明るいけど
1375,1378,www
1378,1381,え?めちゃめちゃ明るいけどそんな
1381,1382,そうなんだ
1382,1385,えー勉強になる
1385,1389,それで言うとそのジャパリパークの曲を作られた大石正裕さんが
1389,1390,今日ツイートしてた
1390,1395,似てる人をいっぱい集めてきましたっていうツイートめちゃくちゃ笑った
1395,1400,www
1400,1401,めちゃめちゃ笑いました
1401,1405,皆さん見てね見てみてください本当に似てるから
1405,1409,大石正裕さんに似てる人がこう並んで写真撮ってるんだけど
1409,1412,動画かな?撮ってるんだけどめちゃめちゃ面白かった
1412,1414,どれが本物か分かんなかった本当に
1414,1418,www
1418,1422,大石正裕さんがすごいいっぱいいたんでね
1422,1424,はい是非ともご覧ください
1424,1428,ということで瀬戸内太賀ランペイジさん
1428,1432,素晴らしい8号をね外していただいてありがとうございました
1432,1434,気持ちよかったです一瞬待って
1434,1439,えーでは次
1439,1443,すごいなんかねあのー色々ねなんか
1443,1447,おすすめの漫画とか美術展とか展示系をね
1447,1451,おすすめのコメントを送ってくださる方が結構ね
1451,1454,毎週いて本当に助かってるんですよね
1454,1458,なんかあの今なんだっけな
1458,1463,国立神秘?あの六本木かなの神秘術館で
1463,1468,ワニが回る展っていうのをやってるらしくて
1468,1471,ワニが回ってるんですよいっぱいの
1471,1475,ワニが回ってるんですよいっぱいの
1475,1478,多分あんまよくわかなかったと思うんで2回言ったんですけど
1478,1483,であの
1483,1487,とりあえず栗さんにURL送ってみました
1487,1491,ワニが回ってるそうですって送ってみましたね
1491,1496,なんて返事返ってきたかっていうとなんじゃこりゃってきました
1496,1500,タイミングが合えばいくかも
1500,1504,ねあのなんか漫画とか本とかねあの映画とかおすすめ
1504,1508,してくださる方もいて本当にいつも助かってますありがとうございます
1508,1513,ワニが回る展もねタイミングが合えばぜひ行ってみようと思います
1513,1518,ではですね今日は1時間で終わる予定なんで
1518,1523,最後の普通歌になりますお手上げありがとうございます
1523,1528,あ今年第一の芸術祭やってる?あれですね
1528,1532,えちごつまわりのね新潟でやってる第一の芸術祭今年なんだいいですね
1532,1536,鳥えんなるってことは3年に1回か
1536,1540,あの私もう1回?2回?1回?1回か
1540,1544,なんか今サバ読みました1回行ったことあるんですけど
1544,1548,あのあれですね
1548,1554,モロゾフとドストイフスキーを合体した漢字の名前の
1554,1557,今思い出すんでちょっと待ってくださいね
1557,1561,モロゾフとドストイフスキーを合体すると生まれるんですけど
1561,1565,あのすごい好きなんですけど本当に毎回名前が覚えられなくて
1565,1569,毎回忘れちゃうんですよ本当に好きなんですよ
1569,1574,でも覚えられないの違うんだよね
1574,1579,えっとちょっと名前忘れちゃったんですけど
1579,1583,最後の教室っていう展示が非常に素敵なんで
1583,1590,よかったらぜひ足を運んで見ていただけたらと
1590,1592,思います
1592,1594,はいボルタンスキーです
1594,1597,モロゾフはいなかったわ
1597,1602,あの本当にモロゾフはいなかったです
1602,1607,モロゾフはどこから来てどこへ行くのか
1607,1611,なんだろうねモロゾフはどこ
1611,1615,でもモロゾフっていう名前いいよね
1615,1619,私ケーキの中だとチーズケーキが一番好きなんですけど
1619,1622,あのモロゾフってチーズケーキ言ってない?
1622,1625,あれ勘違いか?
1625,1628,ちょっと洋菓子にあまり明るくないので
1628,1630,ちょっとあんま覚えてないんですけど
1630,1633,幼少の頃に食べたモロゾフのチーズケーキが
1633,1636,なんか美味しかったっていうすり込みだけはされてる
1636,1642,うん美味しい?あじゃあ大丈夫だ
1642,1646,どこから来たんだろうねモロゾフはね
1646,1650,はいでは次ですねお便りを読みたいと思います
1650,1654,ペンペソさんからのふつおたお便りありがとうございます
1654,1656,洋菓子さんこんばんは
1656,1659,YouTubeくんのおすすめに出てきたウララジを見たことをきっかけに
1659,1662,仕事中にラジオとランチミーティングを全部聞き
1662,1665,他の配信も配聴させていただいております
1665,1666,ありがとうございます
1666,1670,さていつしかのウララジで花丸うどんの話をされていたと思いますので
1670,1672,元花丸うどん社員である私から
1672,1675,個人的おすすめメニュー3000をお伝えしたいと思い筆を取りました
1675,1676,ありがとうございます
1676,1679,一つ目はカルボナーラかまたまです
1679,1681,カルボナーラかまたまです
1681,1685,カルボナーラかまたまってなんか声に出したい日本語すぎない?
1685,1690,ただでさえかまたまは美味しい
1690,1693,それにカルボナーラ要素が入ったらそれは美味しいよ
1693,1696,作っていた当時は袋にカルボナーラと書かれた粉を
1696,1698,かまたまに入れていた記憶がありますが
1698,1700,それだけでなぜあんなにカルボナーラ感が出るのでしょう
1700,1704,期間限定なので今あるかわからないのがネックです
1704,1706,二つ目はカレーうどんです
1706,1708,ぶっかけうどんの濃いめのだしがそこに入っており
1708,1712,汁気が少ない代わりにカレーの美味しさがうどんにしっかり絡まって
1712,1713,これがまた美味いのよ
1713,1717,行儀は良くないですがここにトリティンをつけるとめっちゃ美味しいです
1717,1719,それが足りないという人はカレーセットにして
1719,1725,カレーライスとセットうどんを別に頼んでも満足できますね
1725,1728,三つ目かっこ本名はかけうどんです
1728,1731,定番オブ定番値段も安く庶民の味方です
1731,1734,個人的なおすすめの食べ方は注文時にかけうどん汁なしで
1734,1736,麺を冷たくしてくださいと伝え
1736,1741,無料の天かすを入れ宅上に置いてある醤油をかけて食べるのが美味しいのです
1741,1744,似たようなメニューでおろし醤油うどんというものがありますが
1744,1746,それより安く済ませたいけどだしはいらないし
1746,1749,冷たいのが食べたいしという人におすすめです
1749,1752,醤油が美味しいので全然それだけで食べられちゃいます
1752,1758,ここにコロッケをつけて食べるのが私の休憩時のいつものご飯でした
1758,1761,さてかなり長くなってしまったのでこの辺りにしておきます
1761,1763,大番長お失礼いたしました
1763,1768,次は当時見た変なお客さん編でお会いできたらと思います
1768,1772,ということでね有益な情報ありがとうございました
1772,1779,すごいねえかけうどん汁なしで麺を冷たくしてくださいってのやってくれるんだ
1779,1783,てかかけうどんの汁なしってできるんだ
1783,1787,えでもこれってあれじゃないの
1787,1791,いわゆるその釜あれあれじゃないの
1791,1794,あの汁のないやつのさ
1794,1797,今日びっくりするほどシナプス繋がらないね
1797,1800,ふふふふ
1800,1804,びっくりするほどあかまたまみたいなもんだよね
1804,1807,かまたまの卵なしのかま揚げだよね
1807,1811,そうってなるよね
1811,1815,でもかけうどんの方が安いからってことなのかな
1815,1821,個人的にはねいつもかけうどんで死ぬほど天かすを入れています
1821,1825,やっぱ天かすっていうのは腹にたまるんだよね
1825,1832,え生姜とネギが死ぬほどバカスコ追加できるのって花丸だっけ
1832,1835,そうだっけ丸かみもできるんだっけ
1835,1839,最近行ってないから忘れたんですけど
1839,1847,無料で追加できるものこれでもかといれてかけうどんをいつも食べています
1847,1850,なんか個人的にはさ
1850,1852,なんかなんていうんだろうな
1852,1855,そりゃ天ぷらもつけたいよ
1855,1860,天ぷらもつけたいしできればおにぎりも食べたい
1860,1862,でもなんかそういうふうにさ
1862,1868,あのシステム花丸うどんって言ったことない方あんまりいないかもしれないんだけど
1868,1871,あの会計がね
1871,1880,あの散々おいしそうな天ぷらとかおにぎりのコーナーとかを見せつけられた後に
1880,1882,最後に会計なの
1882,1885,でそりゃそうだよって感じなんだけど
1885,1889,だからさ欲望にあの負けてね
1889,1893,ちょっとあのちくわ食べたいなとか
1893,1899,卵も食べたいなとかしてるとお会計がとんでもないことになっちゃうんだよね
1899,1901,そういうことやると意外に900円くらいだよ
1901,1902,そうなの
1902,1904,だからなんか安いとも
1904,1907,安い飯を食べに来てる花丸うどんに
1907,1908,なんかその
1908,1912,えっはっ1000円近くなっちゃったんだけどという
1912,1915,こう焦りをやっぱ生じさせるのは
1915,1917,花丸うどんにも悪いじゃん
1917,1920,やっぱそこでなんか意外と高いなという印象をさ
1920,1924,自分自身も花丸うどんに抱きたくないわけよ
1924,1927,そう調子に乗ると1000円超えるのです
1927,1934,ねなんで皆さんちょっとこれはね
1934,1940,やっぱりモテるものの注文の仕方かなと思いますけど
1940,1948,ただねちょっとかけうどんのかけうどん汁なし麺を冷たくしてくださいってのちょっとクロートっぽくてかっこいいけど
1948,1954,やっぱめんどくさいと思われそうでなかなか難しいなっていうところはちょっとあります
1954,1959,はいここいちもそうねここいちってさ
1959,1963,なんかすごい前のめりになっちゃったんですけど今
1963,1966,ここいちって意外と高くないですか
1966,1970,ここいちの関係者の方がねいたら本当に恐縮なんだよここいちは美味しいんだよ
1970,1973,だからここいちはとても美味しいので
1973,1978,値段相応のあのお味だともちろん思ってるんですけれども
1978,1981,なんかあれ
1981,1986,なんかこの話前もしたかもラジオで
1986,1994,前もしたかもここいちがなんか予想外に高いという話
1994,1998,そうなの
1998,2003,大学時代に大学付近に花丸いちごうてんが立って香川以外ならめちゃくちゃ売れそうって言ったら現実になって驚いた
2003,2007,えいちごうてんなんだすご
2007,2012,花丸いちごうてんどこにできたんだろう
2012,2019,だからなんか私もあの私結構ねそのスターバックスよく行くんですけど
2019,2028,あのスターバックスのね新しいフラペチーノとかってあの普通に600円とか700円とかする時があって
2028,2041,新しいの出たから飲むんだけど飲み終わった後にあれこれって牛焼肉定食より高くないということに
2041,2050,すごいハッと立ち返る瞬間があるんですよねマジでびっくりするよね本当に
2050,2056,それに比べたらやっぱここいちが高いとか言ってられないんですけどね
2056,2061,安いラーメン食べられるなって感覚まあでもラーメン屋さんって
2061,2069,ラーメン屋さんって普通になんかそのなんかトッピングとかしてると1000円超えるよね
2069,2075,この間そのあの二郎系をね食べたんですけど
2075,2083,あのなんか1000円ぐらいした
2083,2088,そういうもんかと思ったしめちゃくちゃ美味しかったけど二郎系食べたらね
2088,2094,1000円ぐらいしてちなみにあのニンニクを入れたところ次の日はお腹が痛くなりました
2094,2102,ニンニクはね殺菌作用が非常に高いので生のニンニクを食べると腸内細菌層が全滅します
2102,2108,みんなも二郎系に行くときは気をつけよう
2108,2117,あとやっぱ次の日やばいからあの次の日誰とも会わない日にしようね
2117,2120,気をつけようね
2120,2127,まあでも非常に美味しかったしそれと同時にすごい感動したことが一つあって
2127,2132,もうこれ以上あの普通歌で時間を取るのはもうやめるんだけど
2132,2135,最後にこれだけは言わせてほしいんだけど
2135,2144,あのねセブンイレブンのとみたとコラボしてるラーメン
2144,2147,本当に美味しい
2147,2152,本当に美味しい再現度がすごい
2152,2157,私はそのセブンイレブン今までずっとちょっとあのなんだろう
2157,2162,ラーメン好きなんだけど基本あっさり派であれが好き
2162,2167,なんかあのアフリとかのラーメンが好きだったんですよずっとね
2167,2171,あとちょっと辛い系のラーメンとかが好きだったの
2171,2178,でもあっさりか辛いのばっかり食べてたんだけどなんかセブンイレブンでなんだっけな
2178,2183,なんか多分オモコロで見たかなんかでそのとみたのラーメン一回食べてみようと思って
2183,2186,それ食べたらめちゃめちゃ美味しくて
2186,2189,なんか偏見でそうしたなと思って
2189,2194,であの二郎系の本当のその店舗のお店にも行ったんですよね
2194,2197,とみたの系列店だったと思う確か
2197,2200,であれとみたの系列店って二郎系であってる
2200,2202,ちょっとあんまりその辺知らないんでね
2202,2206,あのにわか知識で話したら大変申し訳ないんですけど
2206,2209,そうマジでそうちょいだし出たかいか
2209,2213,そうなんかすげー美味しかった
2213,2217,だからねあのもし私と同じようにね
2217,2224,あの食わず嫌いだったらぜひ挑戦してみて欲しいなって思います
2224,2229,はいでは次のコーナー行きます
2229,2236,【コーナーの話】
2236,2245,でもね本当あれやっぱあのちゃんと何だろうあのカロリーとか見ると
2245,2250,あこれ毎日食べてたら本当に死ぬなって思うから
2250,2256,まあごくたまにがいいと思います
2256,2262,あー本当になんかあのすっごい美味しかったんだけどお店で食べた時も
2262,2267,なんかあのなんだろうな寿命が短くなっていく音したもん
2267,2271,焼かれてた私の寿命が
2271,2276,なんかろうそくがすごい速さで燃えてた
2276,2279,なんだろうあの寿命のろうそくね
2279,2285,そんでなんか死神みたいな落語のね
2285,2288,アジャラガモクリンテゲレッツのパーツってなんか
2288,2293,ジュロウ系食べてると早死にするなって思いました
2293,2298,ということで勝手にメールテーマのコーナーなんですけど
2298,2303,あの今度
2303,2309,篠助落語がボタン登録をやるって聞いて今あの脱線してます
2309,2314,すごいあのうちの母とねあの行きたいねって話してたんですけど
2314,2321,チケットが全然取れなかったですねやっぱりめちゃめちゃ人気だなって思って
2321,2329,では勝手にメールテーマの説明なんですけど勝手にメールテーマは私があのすごいラジオ中にね
2329,2333,本当そのラジオでリアタイで例えばあの
2333,2339,ジローラーメンの話が出たんでラーメンのメールテーマを募集しますみたいなことを本当はしたいんですけど
2339,2344,ちょっとリアルでね同時並行で作業ができないので
2344,2348,事前にどういう脱線をするかを想像して
2348,2353,メールテーマに沿ったお便りを送ってもらうっていうコーナーになってます
2353,2360,ということで一つ目ですね匿名の方からの勝手にメールテーマでした
2360,2364,終わっちゃったよ勝手にメールテーマです
2364,2369,さて本日のメールテーマは涙の数だけ強くなれるのかですね
2369,2377,対象を2つのグループに分け片方は泣くことを許しもう片方は泣くことを禁じて半年間の退院教育を受けさせるという実験が
2377,2381,民名処分によって行われたようです
2381,2388,結果的には泣いた方が強くなるということでしたが驚くべきは目ぐさりによる涙でも強くなるということでしたね
2388,2392,涙ドーピングによって強くなることが可能というのは希望ですね
2392,2398,お便りでした涙の数だけ強くなれるのかという
2411,2420,民名処分ってなんかあれなんですかそういうフェイクニュース調べてみる
2420,2423,民名処分
2423,2428,一番上にピクシブ百科辞典が出てくる
2428,2431,これはちょっと
2431,2433,うん
2433,2436,男塾っていう漫画が元ネタ
2436,2438,そうなんだ
2438,2449,なんか一番上にピクシブ百科辞典が出てくるで2番目にニコニコ大百科が出てくる辞典で察した
2449,2456,いいですねこのなんかうさんくさいミュージックにぴったりですねありがたい
2456,2461,はいということでもう涙の数だけ強くなれるのかね
2461,2468,愛しているという言葉の響きだけで強くなれるのかみたいなのは結構あの疑問が残るところですけどね
2468,2473,まあでも涙の数だけ強くなれるんだったらうちのあの月のキツヅールはとんでもない
2473,2477,もうゴリゴリのねマッチョになっているはずなんで
2477,2482,今度会う時がとっても楽しみだなって思います
2482,2490,あまりですとオフでは本当にしばらく会ってないのでたまに通話で話はするんですけど
2490,2499,あの涙の数だけ強くなるんだとしたらもうムキムキのねシックスパックになっていると思うんで
2499,2510,あの次にねあの姿を見れる時が皆さんの前にね月のキャラが帰ってくる日がとっても楽しみだなって思いました
2510,2514,素敵な研究結果をありがとうございます
2514,2519,では次の勝手にメールテーマCDもぐもぐクラブさんからありがとうございます
2519,2521,るかこさんこんばんは
2521,2529,確かにるかこさんが言う通りラブサイケデリコがファーストアルバムのタイトルをザ・グレイテストヒッツにしてしまったせいで
2529,2534,本当のベストアルバムを出す時にタイトルに困ったというエピソードなんかイソップドアみたいでいいですよね
2534,2537,さて今回のテーマはカスグーアですね
2537,2544,これはるかこさんが先ほどあげたエピソードのような何かしらの教訓になりそうな話を出し合って後世に伝えていこうというものです
2544,2547,もしよければ皆さんもお子さんに読み聞かせてあげてください
2547,2550,私にはいませんし結婚もしていませんが
2550,2551,というね
2551,2555,さて先日私はふと思い立ってブロンを購入しました
2555,2563,そう本来は咳止め薬なのにもかかわらず現代社会で疲れた人々がたくさん飲んでうれしい気分になっていることで有名な薬です
2563,2566,最近あまりに刺激がないのでちょうど試してみたかったんですよね
2566,2572,ということで私は購入してすぐ瓶のフタを開け早速たくさん飲んで気持ちよくなったりして楽しんでいたのですが
2572,2576,時間をかけて84錠飲み切った食感なぜか急に咳が止まらなくなりました
2576,2581,その瞬間ブロンの本来の用途が咳止め薬であることを思い出したのですが
2581,2584,その頃にはすでに空っぽの瓶しか残されていませんでした
2584,2591,皆さんにはお薬は用法用量を守って飲むという教訓だけでも覚えて帰っていただきたいと思います
2591,2596,ということでねおそらくフェイクのお便りだと思うんですけども
2596,2602,もちろんね実際にはそんなことはしていらっしゃらないと思いますけれども
2602,2606,まあこれはね本当にお気をつけてください
2609,2611,悪いことじゃありませんのでね
2611,2618,なんか最終的にあのごく普通のね
2618,2626,ごく普通の教訓に戻ってくるところがね非常に勉強になるなって思いますけども
2626,2632,ついこの間もねあのアニマールの昼配信が
2632,2636,まあそのいわゆるプロモーションでね
2636,2640,7回本来あったはずが6回になってるんですけども
2640,2644,アニマールの昼営業がありまして
2644,2655,でその各メンバーのねチャンネルで別のメンバー2人呼んで一緒に昼営業するっていうコンセプトのシリーズ配信だったんですけど
2655,2658,そこでその最後のね
2658,2661,第7回を担当したねるちゃんがですね
2661,2666,コカボムとコカインを言い間違えるっていう致命的なミスをしまして
2666,2669,危うくそのアニマルメンバー初期メンバーがですね
2669,2674,みんな打ち上げでコカインを足しなんでいったっていうね
2674,2677,とんでもないニュースが出回るところでした
2677,2679,コカボムの間違いです
2679,2685,はい良かったです言い間違いで
2685,2687,大事故です
2687,2691,イベントできなくなってしまいますからね
2691,2694,ということでねあれが本当にそのまんまですね
2694,2698,アーカイブも元気に生き残っているということが
2698,2701,アニマールというグループのね大らかさ
2701,2704,7thincの
2704,2705,なんでしょうね
2705,2709,優しさというか
2709,2718,度量の深さみたいなものをね非常に感じる配信だったなって思いますね
2718,2721,致命傷ですんだね
2721,2727,あそこだけ切り抜いて悪用されたらとんでもないことだよ
2727,2730,7thincで良かったね
2730,2734,ということでねやっぱりちょっと
2734,2739,最近ね本当にみんな忙しい時期だったり
2739,2743,5月が終わってもなかなかその気候がね
2743,2750,変動し激しかったりして体調崩されている方ももしかしたらいるかもなって思うんですけれども
2750,2754,どうぞ皆さん薬用陽明酒をですね
2754,2759,飲んでゆっくり寝ていただけたらなと思います
2759,2767,私は昨今ね薬ると1000がねどうのこうのと話題になっておりますけれども
2767,2771,もちろんね薬ると1000素晴らしいドリンクだと思います
2771,2780,でもねこっちはあの薬用なんでね薬用陽明酒って薬用だっけ
2780,2787,薬用陽明酒って薬用だよねだって薬用でついてるもんね
2787,2793,そうなんでねあのそっちの薬も何とぞ薬るとの方の薬もいいけど
2793,2797,陽明酒の方の薬もねぜひともお試しいただいて
2797,2802,私は特にあの陽明酒から何かお金をいただいているわけでもありませんけれども
2802,2808,今後ともねオーラルカコチャンネルは薬用陽明酒を応援していきたいと思います
2808,2812,みんなで命じゃしなっていこうな
2812,2817,では次の勝手にメールテーマ読ませていただきたいと思います
2817,2822,アメ中継さんからの勝手にメールテーマ
2822,2825,ロガ子さんリスナーの皆さんこんばんは
2825,2829,世界にはいろんな法律があって面白いですね
2829,2833,さて今週のメールテーマは世界のおかしな法律でしたね
2833,2841,私の好きな法律は日曜日の昼間にピンクのショートパンツを着用することを違法とするオーストラリアのビクトリア州の法律です
2841,2847,なんでピンクはダメなんだろうなんで日曜日以外はOKなんだろうなんでショートパンツなんだろう何一つ納得できませんが
2847,2856,皆さんもオーストラリア行く際はうっかりピンクのショートパンツを日曜日の昼間に履いてしまうことのないようにお気をつけください
2856,2858,というお便りをいただいております
2858,2863,これは本当なんでしょうかちょっと調べてみましょう
2863,2871,オーストラリアピンク
2871,2875,ピンクショートパンツでサジェスト出てくる
2875,2879,奇妙な15の本当だ
2879,2889,あれ本当かちょっとわからん嘘ばかりだからインターネットは
2889,2893,インターネット嘘ばかりだから
2893,2899,日曜日の昼間にピンクのショートパンツ着用は違法とビクトリア州と書いてある
2899,2906,タクシーで干し草を運ぶときはトランクに限られるクインズランド州
2906,2912,本当かそうだよね嘘を嘘だと見抜ける人でないといけないわ
2912,2920,でも本当なのかな本当だったら面白いよねぐらいでね
2920,2924,そういう大らかな人間にもなりたい
2924,2927,おじさんでも違法なんですか
2927,2934,いやでもみんな違法なんじゃないそれは
2934,2937,さすがにみんな違法なのではありませんか
2937,2944,おじさんだからオッケーみたいな特例が認められてたら認められてたんでめちゃくちゃ面白いね
2944,2950,一回やっぱりもしリスナーさんでオーストラリアにお住まいの方がいたらね
2950,2958,審議のほど今度よかったらハッシュタグ等でお知らせいただきたいと思いますし
2958,2963,濡れた顔で止まっちゃったんで戻り戻ります
2963,2968,なんかね前法律
2968,2974,世界の面白い税金みたいな感じの調べたことがあって
2974,2980,確かねあの月平とかにかかる税金があったような気がする
2980,2984,税金
2984,2989,政府は職場で受け取った月平を所属の一部として課税する月平税を導入したっていう
2989,2999,これ本当本当かちょっとインターネットは嘘ばかりなので非常に怖い
2999,3002,世の中に本当に面白い税金がいっぱいあるんですよ
3002,3008,それで言うと収入因子とかもよくわからないですよね
3008,3015,収入因子も何か確か新しい税金の案を公募した時に
3015,3022,一般の人が応募してきたみたいな話があったような気がするな
3022,3025,トランプのスペインのエースにかかる税金とかある?
3025,3028,そうなの?すごいちょっとお水飲みます
3028,3033,収入因子はねあれなんですよ
3033,3040,確か電子契約書だったら貼らなくていいから
3040,3044,紙の契約書じゃなかったら貼らなくていいんで
3044,3046,普通になんか
3046,3059,電子契約に移行した方が全然いいと思う
3059,3061,今変わったりしてるのかな
3061,3065,なんか去年か一昨年調べた時は
3065,3071,いらなかったって書いてあったはず
3071,3076,それもそれで意味がわからないよね
3076,3078,そうなの意味もわからないの
3078,3083,なんで紙で発行するときは貼らないといけなくて
3083,3089,webというか電子だったらいらないのか
3089,3094,そう書類にかかる税金だから
3094,3096,よくわからないよね
3096,3099,世の中って本当によくわからないのかな
3099,3106,世の中って本当によくわからないことがいっぱいありますけど
3106,3109,そもそもやっぱり法とか
3109,3112,法律はもちろんのこと
3112,3114,通貨とかもね
3114,3119,人間が無から作り上げたものだから
3119,3123,実際にそのものがもちろんね
3123,3126,紙幣とかも存在するんだけど
3126,3135,紙幣その1枚に例えばゆきち1枚に1万円分の価値はないから
3135,3139,1万円の価値があるっていう虚構を
3139,3142,全員が信じているから
3142,3146,それが1万円として存在できるっていうのがね
3146,3151,だから収入因子も月平にかかる税金も
3151,3157,それがその虚構をみんなで共有することができるという
3157,3167,人間だからこそ存在成立し得るものだってなるとちょっと面白いですけどね
3167,3171,はい、ということで次のコーナーに行きたいと思います
3171,3173,うわっ
3173,3177,せっかく終わるところだったから最後まで流せばよかったな
3180,3183,ということでですね
3183,3185,最後のコーナーに
3185,3189,最後のコーナーというか3つ目のコーナーになりますけども
3191,3195,未来史4周年イベントということで週替わりのメール展もですね
3195,3197,本日行われたんですけど
3197,3201,アニマレー学園学園祭4周年イベント4周年記念オンラインイベントですね
3201,3206,の感想を事前に募集しておきました
3206,3208,なんかこういうことが起こるだろうという
3208,3213,皆さん未来予知ができる方もたくさんいると思うんでね
3215,3217,なんでこれからですね
3217,3220,何が起こるかすでに知っている方からの
3220,3223,本日行われるイベントの感想を
3223,3227,述べていきたいと思います
3229,3231,では1つ目ですね
3231,3233,電脳チャイナエビせんべいさんからの
3233,3237,未来史アニマレー4周年お便りありがとうございます
3239,3241,ルカコさんこんばんは
3241,3243,人間が頭の中で何かを想像するときに
3243,3247,その想像に基づいた別の物質があると考えられる
3247,3249,その物質を考えるときに
3249,3253,人間が頭の中で何かを想像するときに
3253,3255,その想像に基づいた別の宇宙が生成されるという
3255,3259,多元宇宙に関する理論が近年の研究で発見されましたね
3259,3261,まさかアニマレー学園祭が宇宙を巻き込んだ
3261,3265,大騒動になるとは思いもしませんでした
3265,3270,5月10日の緊急配信以来チケットが爆裂に売れてしまったことで
3270,3272,視聴者の想像により生成された宇宙が
3272,3274,指数関数的に増えていきました
3274,3276,その結果学園祭の開催とともに
3276,3279,彼女たちは膨れ上がったマルチバースに飲み込まれてしまったのです
3279,3281,瞬きする間に移りゆく宇宙の中で
3281,3283,一度は見覚えのある存在に出会います
3283,3287,コナン・ミヤと月のケチロルでした
3287,3289,彼女たちはケラケラと笑いながらも
3289,3292,この事態を収束させる術を伝えます
3292,3294,彼女たちの話によると
3294,3298,視聴者が抱く想像に対して明確な現実を与えることで
3298,3301,想像によって生成された多元宇宙の膨張は収束するというのです
3301,3305,このためには学園祭との結びつきが強固である実態
3305,3308,すなわちマインクラフトの体育館を完成させた上で
3308,3312,アニマルメンバー一同が歌とダンスを披露することが必要だというのです
3312,3314,彼女たちの話の中で
3314,3316,未確認生物のジャッカロープである月のケチロルが
3316,3318,この宇宙にやって来れたことも
3318,3322,マルチバースの影響であったという事実も合わせて知ることになります
3322,3325,どうにかマインクラフトの宇宙にたどり着いた一同でしたが
3325,3327,完成したはずの体育館が
3327,3330,マルチバースの影響で半壊状態にあることに気が付きます
3330,3332,それでも学園祭の遂行に向けて
3332,3335,急ピッチで建設を進めた結果
3335,3337,なんとか体育館を再度完成させることができました
3337,3338,できましたね今日ね
3338,3340,いよいよ学園祭のフィナーレ
3340,3344,出演メンバー一同でファンファーレとカンターレを含む10曲を歌い切ったことで
3344,3346,アニマル学園祭が現実として固定され
3346,3349,多元宇宙の暴走も収束を迎えました
3349,3352,見まぐるしい展開に配信画面から目が離せず
3352,3357,画面の中で狂い拾いられる事象を現実か想像か区別がつかなかった視聴者たちでしたが
3357,3362,いつの間にかアニマルメンバーによるサイン式史を抱えていたことに全員が気付きます
3362,3365,そうこれは現実だったんだ
3365,3369,と思いながら配信が終了します
3369,3374,以上が私が想像してどこかの宇宙で現実となったマルチバースSF学園祭です
3374,3378,念のためツイキですが冒頭の理論は全くの嘘っぱちです
3378,3381,というお便りいただきました
3381,3386,最近マルチバース流行りですから
3386,3390,猫もシャクシーもマルチバースですからね
3390,3393,GLに乗っててめちゃくちゃいいですね
3393,3401,多元的になってしまったアニマル学園祭という宇宙を一つに収束させるという
3401,3407,スペースファンタジーなのかな
3407,3414,壮大なスペースオペラが開幕するわけですけども
3414,3422,最近ちょっとこの間文庫化したよってツイートした
3422,3426,なめらかな世界とその敵っていう
3426,3433,私がSFを読み始めるきっかけになった短編集があるんですけど
3433,3442,それがいろんな世界線をいろんな次元を行き来できるっていう
3442,3447,女の子たちの物語がね一つあったかなって思うんですけど
3447,3451,それを結構思い出してめちゃめちゃいいなこれと思いました
3451,3459,ぜひとも今後マルチバースをね
3459,3467,なんかさもしかしたらあった未来みたいな感じで
3467,3470,ユニットシャッフルとかしたら面白そうじゃないですか
3470,3474,例えばなんだろう
3474,3482,あのハニーストラップとしてデビューしていた
3482,3488,稲葉はねるとかなんかそういうマルチバース
3488,3496,なんかそのっていうコンセプトで一回どうですかイベントやってみたら
3496,3503,それで最終的に誰かを主人公において歴史を遡っていって
3503,3510,順番に新しい順からで一番最初のアニマールとかハニーストとか
3510,3514,がその生まれた瞬間まで戻っていって
3514,3520,やっぱり私アニマールのリーダーでいたいみたいな感じで終わるの
3520,3527,エモいわこれぜひともねやっていただきたいなって思います
3527,3531,次ですね
3531,3535,アニマールに入店したりんさまキリンのね
3535,3538,なんかファンアートでもう書いてくださった方いて
3538,3541,りんさまはこの間ツイートしてましたね
3541,3546,キリン組でねキリン担当流傘キリンでもうほんぼ
3546,3552,ほぼ半分入店してるみたいなもんなんで
3552,3560,はいということで次のお便り読ませていただきたいと思います
3560,3570,チケット売り上げ243枚くんからの未来史アニマール4周年ということでね
3570,3575,こちら読ませていただきたいと思います
3575,3579,どうもチケット売り上げ243枚くんです本当です
3579,3582,明日ですねアニマール学園祭が開催されるということでね
3582,3585,本気の予想をしていこうと思います
3585,3590,ただですねいかんせん僕はチケット売り上げ243枚くんなんで来ません
3590,3593,正しくは僕が買わんかったら来るし買ったら来ません
3593,3595,なんですけど予想は本気でやってきたということで
3595,3599,アニマール学園祭の本命を発表しようと思います
3599,3603,アニマール学園祭の本命はオーラル過去
3603,3605,はいオーラル過去です
3605,3607,僕はもともとコナンミアを指名する予定だったんですけど
3607,3609,今回は出走しないということでね
3609,3612,ゼンソンのパフォーマンスが良かったオーラル過去は今回送ると思います
3612,3615,しかし今回外枠からのスタートということでね
3615,3617,一番人気のイノバ・ハネルが内訳ということで
3617,3619,懸念材料だと思うんですけど
3619,3622,その不利を補えるだけの底力はあると思いますし
3622,3624,運動能力の面では間違いなく上だと思うんで
3624,3627,今回はオーラル過去を本命にしました
3627,3629,展開予想なんですけど
3629,3631,まず真っ先になくと思われていた月時チョルロが
3631,3633,今回出走しないということでね
3633,3635,誰がFかの予想が難しくなりましてなんですけど
3635,3638,まずは風見服が先頭に立つと思います
3638,3640,その後ろに世野原一美
3640,3643,オーラル過去が3番手当たりでじっくり足を溜めてくれると思います
3643,3646,やっぱりこういうところでの爆発力が持ち味ですからね
3646,3650,最後は先頭でゴールしてくれると思います
3650,3652,チケットの方なんですけど
3652,3655,今回はオーラル過去の復唱を1本でいきたいと思います
3655,3657,何で復唱じゃないのかというと
3657,3659,正直全員に活躍してほしいからです
3659,3661,だって活躍できそうな
3661,3663,できなさそうなやついます?いませんよね
3663,3666,セシもあるいはこういうところでは絶対外さないですし
3666,3668,キノクもアランはポテンシャルでいったら
3668,3669,メンバーの中でも最上位ですし
3669,3671,平光はエロいですし
3671,3674,ということでね僕は絶対今回チケット買いますんで
3674,3676,皆さんもアニマル格闘技を楽しんでください
3676,3679,以上チケット売上243枚くんでした
3679,3684,ということでねチケット売上243枚くんからの予想がきました
3686,3688,障害
3688,3691,障害収支マイナス1億円くんのね
3696,3699,のあのね
3699,3701,理論でいくと
3701,3704,オーラル過去は絶対来ないということになるんですけど
3704,3707,そしなさんが来るって本命にした馬は絶対に来ないんですよ
3707,3713,だからねチケット売上243枚くんが予想したオーラル過去は絶対に来ないんですね
3715,3718,これは非常に困りました
3718,3720,この間呪い打ち破った
3720,3723,そうなんだよかったね
3725,3729,そしなさんが本命に選んだ馬は絶対に来ないということで非常に有名だったんですけど
3729,3732,呪いから解放されたそうでよかったね
3732,3735,逆にそれはそれで怒られてるんじゃない?もしや
3735,3741,いやだってそしなさんが本命に選んだから外したのにみたいな声がすごい上がりそう
3743,3747,あそぱるですね障害収支マイナス1億円くんをね
3747,3750,競馬知らない方が見てもめちゃめちゃ面白いんで
3750,3753,ぜひともご覧いただけたらと思います
3753,3757,そしなさんがねG1とか大きい競馬のレースで
3757,3762,なんだっけ?違うわそしなさんじゃないんだ
3762,3765,そしなさんということではやってないと思うんですけど
3765,3769,マイオークくんがねやっておりますのでぜひとも見てみてください
3771,3774,はいえーということでですね
3774,3778,えーちょっとなんか2時になってるんですけども
3778,3781,まあロスタイムっていうことでね最初ちょっとあの
3781,3783,声が返ってきちゃうので
3783,3788,少し配信がなかったみたいなもんなんでこれはロスタイムですね
3788,3791,アディショナルタイムってやつですね
3791,3793,はいえーということで
3793,3796,次のお便り読ませていただきたいと思います
3798,3800,なだれしきゆきみだいふくさんからの
3800,3803,未来史アニマーリ4周年お便りありがとうございます
3805,3809,オーラルカコ様背景いつも配信楽しんでますか?
3809,3814,オーラルカコ様背景いつも配信楽しく見ております
3814,3817,先日のアニマーリ学園祭を拝見し
3817,3820,その素晴らしさを誰かと共有したい思いに駆られ
3820,3823,しかし誰もいないためにこうしてルカコさんへのファンレターという形で発散すべく
3823,3825,思わず筆を取った次第です
3825,3829,さて改めてアニマーリ学園祭はとても素晴らしいイベントでした
3829,3831,前編にわたり見どころ満載でしたが
3831,3834,個人的な一番の面白ポイントはやはり
3834,3836,川崎競馬場でのルカコさんでしょうか
3836,3842,他3人が短昇馬短三連短を見事に敵中させる中
3842,3845,おじさんからコツを聞いてきたと
3845,3848,体重やパドックでの調子を語った結果
3848,3849,服装を外した姿は
3849,3854,いつぞやのポーカーを彷彿させるような見事な爆失振りでした
3855,3857,バラエティパートだけでなく
3857,3860,歌も笑いとエモに溢れていましたね
3860,3863,謎のお色気ポーズ対決をするアオマーレと
3863,3866,アニホスの芸人集団を知り目に
3866,3870,堂々とアイドルをしていたネルちゃんとセシマはとても可愛かったです
3870,3873,日に日にククダソハーレムの担当時間が短くなっていく
3873,3878,ずみちゃんが暴れる前振りからの伊豆区の3年目の浮気熱唱と
3878,3880,その後のククダソの土下座は抱腹絶倒だったし
3880,3883,羽回れvsホニュマレでバチバチにやり合った後でも
3883,3887,変わらぬ中の良さを見せつける光のデュエットは最高でした
3889,3891,何よりルカコさんがソロで歌った三原色
3891,3893,実演で歌う予定だったこの曲は
3893,3896,千代千代とみやちゃんがお休みになったことで変更予定だったのですが
3896,3898,それを二人の想いを乗せるためと
3898,3902,ルカコさんが七瀬さんに直訴して歌ったと聞いたときの気持ちは言葉になりません
3902,3907,約5時間の長丁場が嘘のようにあっという間に過ぎ去った学園祭でした
3907,3911,伝説の243枚から始まる怒涛の1ヶ月教はとても楽しく
3911,3914,その分強い積量感に襲われています
3914,3917,アニホマレの力強さ、チームワーク、そして芸人と
3917,3920,アイドルの二面性を両立したタイアント力を
3920,3922,思い知らされたこの学園祭は
3922,3925,今後のアニマルの成長を確信するにたるイベントでした
3927,3928,最後になりますが
3928,3932,勇敢キスアニマルの今後のご託をお祈りして筆を置かせていただきます
3932,3933,慶遇
3933,3934,ということでね
3934,3938,素敵なお便りありがとうございます
3938,3940,いやー理想すぎる
3940,3943,特に私が爆死してるシーン
3946,3947,ちなみにね
3947,3948,これも
3948,3949,あのー
3949,3950,え?
3950,3952,ちょっと言っていいかな?
3953,3955,言っていいのかな?
3955,3956,まいっか
3956,3958,ちょっとここだけの話なんですけど
3958,3961,あのー本当に
3961,3964,あのおじさんに予想してもらいました
3967,3969,本当におじさんに予想してもらいました
3970,3971,はい
3971,3973,その結果がどうかっていうのはね
3973,3975,明日ご覧いただけたらと思います
3975,3977,明日ご覧いただけたらと思います
3980,3981,はい
3981,3984,これこのレースになりましたって言ってね
3985,3988,ちょっと本当時間なくて申し訳ないんだけど
3988,3990,ちょっと見てみてもらってもいいですか?
3990,3992,ってね送りました
3992,3993,でちゃんとね
3993,3995,あのー本名から
3996,3999,なんか4頭ぐらい選んでもらって
3999,4000,はい
4000,4001,買いました
4001,4004,どうだったかなー?
4005,4007,これは本当に未来予知でしたね
4008,4010,はいということで
4010,4012,あのー
4012,4014,羽回りvs保乳回りだとかね
4014,4017,あのーもともとお知らせしてるところも
4017,4019,組んでいただいて
4019,4021,どんな感じのバトルが繰り広げられるかというのは
4021,4023,また明日楽しみに
4023,4024,明日って今日だわ
4024,4026,今日楽しみにしていただきたいなと
4026,4027,思うんですけれども
4027,4031,うん
4032,4034,いやどうなるかな楽しみだね
4036,4038,はいということでね
4038,4040,これ以上なんかこの件率で喋ってると
4040,4042,全部言っちゃいそうで怖いのでね
4042,4043,はい
4043,4046,次の最後のお便り読ませていただきたいと思います
4050,4051,えー
4051,4053,アーモンドひまわりさんからの未来史
4053,4057,アニマーレ4周年お便りありがとうございます
4084,4087,そのうちの一つでもルカコさんの元に届けばいいのですが
4087,4088,では
4088,4090,そんな未来のルカコさんから託された暗号文
4090,4092,全12文字をお伝えします
4095,4096,早く寝ろ
4096,4125,【コメント】
4126,4152,【コメント】
4152,4154,ということでね
4154,4156,えー
4156,4158,ありがとうございます
4158,4160,アーモンドひまわりさんのね
4160,4162,この未来からのね
4162,4164,あのー
4164,4166,未来からのメッセージによって
4166,4168,私は今日のね
4168,4170,今日私が遭遇する
4170,4172,とんでもない
4172,4174,事件をね
4174,4177,回避することができるかもしれません
4177,4179,はははははは
4179,4181,そう今歴史が変わりました
4181,4183,うん
4183,4185,そうですね
4185,4187,まあ本当に
4187,4189,あの待機所でもね
4189,4191,うん
4191,4193,4周年イベント本番に
4193,4195,本番に
4195,4197,本番直前にね
4197,4199,あの深夜配信をしてるのを笑うみたいなね
4199,4201,コメントもありましたけど
4201,4203,え?去年ってさ
4203,4205,去年の3周年長寿歌合戦って
4205,4207,土曜日でしたっけ
4207,4209,私配信してた?
4209,4211,配信してたか?
4211,4213,どうだっけ?
4213,4215,それもねなんかね長寿歌合戦のね
4215,4217,あのー
4217,4219,正解は長寿歌合戦後みたいな感じで
4219,4221,本番何やるかみたいな
4221,4223,どんなことが起こるか予想してください
4223,4225,っていうようなことをねまた
4225,4227,あの同じことをしていたんですけど
4227,4229,うん
4231,4233,え30分って言いながら1時間
4233,4235,1時間でやってたの?
4235,4237,うん
4237,4239,え30分って言いながら1時間半やってた
4239,4241,あーそっか
4241,4243,じゃあ大丈夫だ去年も間に合ってる
4243,4245,うん
4245,4247,ということは今年も間に合うし
4247,4249,だからなんか
4249,4251,あのーこれからね
4251,4253,未来の
4253,4255,でもさこれって本当にパラドックスっていうか
4255,4257,その寝坊してる私の世界線ってどうするの?
4257,4259,それって私
4259,4261,今の私に収束できるのかな
4261,4263,あ
4263,4265,だから最終的に
4265,4267,その私が遅刻した世界線も
4267,4269,その
4269,4271,多元化した宇宙の
4271,4273,一つだから
4273,4275,最終的に体育館を作ること
4275,4277,作って
4277,4279,なんか歌を歌うことによって
4279,4281,超
4281,4283,時空要塞マクロスみたいなことになって
4283,4285,マクロスって超時空要塞だっけ
4285,4287,ふふふふ
4287,4289,歌で銀河が救えるわけないじゃない
4289,4291,ってなって
4291,4293,銀河救うんだ
4293,4295,なるほどね
4295,4297,で
4297,4299,私がちゃんと寝坊しない
4299,4301,あのー
4301,4303,世界線に
4303,4305,収束すると思います
4305,4307,超時空要塞か
4307,4309,はいということで
4309,4311,えー皆さんご安心ください
4311,4313,あのー
4313,4315,何度でも
4315,4317,また戻ってくる
4317,4319,このラジオの時間に
4319,4321,うん
4321,4323,寝坊したらまた戻ってくる
4323,4325,ここにねそしてまたやり直す
4325,4327,この
4327,4329,アニマル学園祭が
4329,4331,無事に最後まで
4331,4333,みんなに楽しんでもらうイベントに
4333,4335,できるように
4335,4337,私何度でも
4337,4339,帰ってくるから
4339,4341,安心してください
4341,4343,ふふふふ
4345,4347,ね
4347,4349,ラジオ
4349,4351,そうなんでね
4351,4353,あのー
4353,4355,ご安心いただけたらなと思います
4355,4357,皆さんね非常にたくさんの
4357,4359,激励とね
4359,4361,心配をありがとうございます
4361,4363,未来で待ってる
4363,4365,すぐ行く
4365,4367,走って行く
4367,4369,うん
4369,4371,ということでねさすがにそろそろ
4371,4373,寝ようかなと思いますので
4373,4375,皆さんもね
4375,4377,あのー
4377,4379,散々イベントの話をね
4379,4381,していたんですけど
4381,4383,ちょっと諸々の理由があってね
4383,4385,ちょっとお財布がちょっとという方も
4385,4387,いるし忙しくて見れない
4387,4389,という方もいらっしゃるだろうし
4389,4391,あのー
4391,4393,なんだろうそういう方が
4393,4395,こう置いてけぼり
4395,4397,な感じに
4397,4399,なってないかなーということをね
4399,4401,この1ヶ月結構
4401,4403,大丈夫かなーって
4403,4405,あのー
4405,4407,懸念しているところも
4407,4409,ありまして
4409,4411,だから本当はそのー
4411,4413,今週のメールテーマも
4413,4415,なんか本当に全然
4415,4417,関係ない
4417,4419,最近
4419,4421,なんだろうな
4421,4423,例なんだろう
4423,4425,どういうメールテーマ
4425,4427,リスナーさんって結構面白いね
4427,4429,職業に就いてらっしゃる方とか
4429,4431,あのー
4431,4433,こういう風にね今回の
4433,4435,花丸うどんみたいな感じで
4435,4437,働いてた時のね
4437,4439,記憶からいろんなその面白いお客さんの
4439,4441,お話とか有益な情報とかもね
4441,4443,くださる方がいるんで
4443,4445,なんか職業見学みたいな
4445,4447,職場体験的な感じの
4447,4449,お便りを募集しようかなーとか
4449,4451,あのー
4451,4453,戦わせて一番強い空想の
4453,4455,動物を
4455,4457,あのー
4457,4459,考えて送ってもらおうかなとか
4459,4461,そう考えたんですけども
4461,4463,うーん
4463,4465,当日に
4465,4467,全然関係ない話するのもおかしいかな
4467,4469,って思って
4469,4471,あははは
4471,4473,あ、すみません
4473,4475,ありがとうございます
4475,4477,今日4周年イベント本番ですって言って
4477,4479,1ヶ月こんなに死ぬほどさ告知してきてさ
4479,4481,当日になんか
4481,4483,なんかみんなで空想の動物
4483,4485,戦わせようぜつーのなんか
4485,4487,ちょっとおかしいかなーと思って
4487,4489,えーやめました
4489,4491,はい、でもね
4491,4493,なんか
4493,4495,あのーやっぱり私たちの本文っていうのは
4495,4497,あのー
4497,4499,今からあの
4499,4501,エモい話をしようとしてたんで
4501,4503,足の匂いを聞いてくるのは
4503,4505,ちょっとやめていただいてもいいですか
4505,4507,あははは
4507,4509,今あの、コメント欄がね
4509,4511,ちょっと画面より表示できてないんですけど
4511,4513,あのスーパーチャットで
4513,4515,レッスン後や帰宅後のルカコさんの足って
4515,4517,いいですかって聞かれてるんですけど
4517,4519,今あの非常にエモい話をしようとしていたので
4519,4521,まあ
4521,4523,どうでしょう
4523,4525,飼いたことはないんですけども
4525,4527,明日帰ってきたら飼いでみるので
4527,4529,来週のラジオで
4529,4531,言いますね
4531,4533,うん
4533,4535,なので
4535,4537,まあ本当にその
4537,4539,なんて言うんだろうな
4539,4541,私たちの本文っていうのが
4541,4543,普段の配信なので
4543,4545,配信の延長線上に
4545,4547,こういうその
4547,4549,周年のイベントとか
4549,4551,特別な配信
4551,4553,企画とかがあると
4553,4555,思っているので
4555,4557,なんかもしその
4557,4559,普段の配信を
4559,4561,楽しめなくなってしまってたら
4561,4563,非常に申し訳ないし
4563,4565,本当はそのルーチンになってる
4565,4567,毎週定期でやってる配信とかも
4567,4569,本当は崩したくないなって
4569,4571,思ってはいたんですけども
4571,4573,ちょっとねスケジュール的に
4573,4575,難しい面もあって
4577,4579,がっかりさせてしまった方には
4579,4581,申し訳ないなと思いますが
4581,4583,なんかその
4583,4585,文化祭のね
4585,4587,本当にもうなんか今日で終わっちゃうんだと思うと
4587,4589,もう寂しくなっててなんか
4589,4591,個人的には
4593,4595,準備が一番楽しいともね
4595,4597,言いますから
4597,4599,こういうお祭り騒ぎっていうのは
4599,4601,そういう空気だけでもね
4601,4603,楽しんでいただけてたら
4603,4605,本当に嬉しいなって思います
4605,4607,はい
4607,4609,そのね匂いだけでも
4609,4611,ちょっと嗅いでいってくれたら
4615,4617,いやもうダメだわ
4617,4619,どうやってもなんか足の匂いに引っ張られちゃうんだけど
4621,4623,いや終わった時すごいもっと寂しいんだろうな
4625,4627,もっと寂しいんだろうと思う
4627,4629,なんか
4629,4631,ここまですごい
4631,4633,結構そのアニマルメンバーで
4633,4635,たくさん話したりとか
4635,4637,実際に会ったりとかする機会も
4637,4639,やっぱり終年ないとねなかなかないのでね
4641,4643,まぁでも始まる前から
4643,4645,こんななんかうわぁ終わりたくねーみたいなの
4645,4647,言ってるのもまぁよくわかんないんで
4647,4649,当日はね皆さんに楽しんでいただけるように
4649,4651,ねその
4651,4653,そのためにもね自分が
4653,4655,精一杯楽しんでる姿っていうのを
4655,4657,もちろん見ていただけるように
4657,4659,うん頑張りたいと思いますし
4659,4661,今まで頑張ってきたものとか
4661,4663,の成果がきちんと
4663,4665,とせるといいなと思ってます
4665,4667,はい
4667,4669,ということでこの辺で本当に
4669,4671,配信終わろうと思います
4671,4673,なんかあの
4675,4677,こんな深夜までお付き合いありがとうございます
4677,4679,いつも
4679,4681,2時なのにね
4681,4683,皆さんにこういう風に見ていただいて
4683,4685,コメントもしていただいてねアーカイブで見てくださってる方も
4685,4687,いつもありがとうございます
4687,4689,高評価チャンネルのあれのね
4689,4691,フォロー
4691,4693,あのねお願いします
4693,4695,本日はいよいよ
4695,4697,アニマル学園祭本番となりますので
4697,4699,えー
4699,4701,一緒にね走っていっていただけたら
4701,4703,嬉しいです
4703,4705,それではおやすみなさい
4705,4707,せーの
4707,4709,おつまーれ
4709,4711,おつまーれ
4711,4713,いい週末を
4713,4741,お過ごしください
