start_s,text
-5988,待機
-4494,待機
-4425,待機
-3752,待機
-3310,待機
-3140,待機
-3086,待機　セピア調で素敵
-2895,待機
-2887,待機
-2074,待機
-1785,待機
-1457,待機
-1438,待機
-1307,待機
-990,待機
-745,待機
-736,待機
-696,待機
-610,待機
-550,待機
-516,大浦メンタルクリニックさんはここかしら？
-493,待機
-380,待機
-326,待機
-307,待機
-296,待機
-272,待機
-202,待機
-189,待機
-177,待機
-154,待機
-142,待機
-126,待機
-115,待機
-109,|･`ω･)
-98,待機
-97,待機
-92,待機
-84,待機
-80,待機
-51,待機
-41,待機
-22,待機
-18,"裏ラジ待機( ´,_ゝ`)"
-11,予言待機
-7,待機
0,待機
2,待機
4,待機
7,きた
10,きちゃ
12,きちゃ
13,きた
14,きちゃ
22,きた
22,き
23,きちゃ
23,こんばんわー！！
24,きちゃ
26,きちゃ
26,きた
26,きちゃ
27,きた
29,きちゃ
30,きちゃ
31,神OP
32,きた
34,きちゃ
34,こんばんはー
34,きちゃ
35,神OP
36,こんばんはー
36,きちゃ
37,きちゃ
38,きた
39,きちゃ
41,こんばんは
43,きた
48,はじまった！
50,こんばんは
52,きちゃ
53,こんばんは〜
56,こんばんは～きちゃ！
66,こんばんは、初見です
69,こんばんは
71,きた
73,こんばんは～
74,こんばんは～
78,こんばんわー
80,こんばんはー
83,こんばんは〜
85,こんばんはー
85,こんばんは～
86,こんばんは〜
86,こんばんは
86,こんばんはー
87,こんばんは
87,こんばんは～
88,こんばんはー
88,こんばんは
89,こんばんはー
90,こんばんは～
92,こんばんはー
92,こんばんは
93,きちゃ
94,こんばんは
94,こんばんは～
94,こんばんはー
94,こんばんは
94,こんばんは
94,音量大丈夫です（予言）
95,こんばんはー
96,こんばんは
96,こんばんはー
97,こんばんはー
97,こんばんはー
98,おお！
99,おぉ
100,こんばんはー
100,こんばんは
101,こんばんは
101,初手言っちゃったｗ
101,こんばんは〜
101,こんばんはー
102,こんばんはー
102,こんばんはー
102,おおおお！！！
103,こんばんは～
103,こんばんわ
103,こんばんは♪:smiling_face_with_open_hands:
103,おー
103,ほぉ
104,おおおおお
104,こんばんはー
104,おぉ
104,初手告知たすかる
104,やっぱりな！ｗｗ
105,こんばんはー
105,こんばんは！
105,こんばんはー
106,こんばんは〜
106,こんばんわー
106,宇宙ヤバイ組だ！
106,こんばんは～
107,宇宙ヤバイぜ
107,いきなり言ったｗ
107,こんばんわー
108,おお〜！
108,やったー！うれしい！
108,おおｗ
109,最初に言うんだｗ
110,しょっぱな！？
111,わお
111,最初にｗ
111,こんばんは〜
111,初手告知
111,はや
111,こんばんわー
112,おお！
113,おお
113,こんばんわ
113,告知ヨシ！
113,who who:owl:
114,忘れないように最初に言ったｗ
114,おおお
114,言うと思ったんだぜ！！
115,こんばんは～！！
115,予言達成えらい
116,告知が早い！
116,初手ゲスト告知
117,宇宙やばい！
119,宇宙だ
119,こんばんは！
119,早いww
119,"こんばんは～( ´,_ゝ`)ノるかこさん～♪"
120,who who:owl:
120,こんばんはー
121,来週の話ですか？？？
121,こんばんは
122,こんばんはぁ
122,こんばんわー
122,ナイスジングル
125,ジングルよし
125,こんばんは
125,初手告知
126,こんばんは〜
126,宇宙がやばそうな回
127,こんばんは
127,眠そうやね
127,OPほんとすき
128,忘れないうちにね
134,宇宙ゲストやったー
134,ほう
134,2人も！？
135,今日かと思ったら来週かい
136,しょっぱなからゲスト告知ありがたや
139,告知ノルマ達成！
140,ゲストたのしみ
141,告知早くて助かる
142,初手告知助かる
142,堪え性？ｗ
143,こんばんは
143,音量大丈夫です
144,こんばんはー
144,こんばんは
144,こんばんはー
145,24時間ラジオですか？
146,ええんやで
146,こんばんは。
148,忘れないうちにね
151,告知早くて助かります
151,フルオープンだ
151,二人もくるのすごい
152,素敵
153,スケジュールは焦らすクセに…………
154,音量f大丈夫
154,完全情報ゲーム
154,ハヤシさんとトモシカさん楽しみ
155,お口ゆるゆるスパイ
156,忘れないうちに言えて偉い
156,忘れないうちに告知していきましょうね
157,さらけ出していきましょう
157,まだ覚えているうちに…
157,情報カイジ助かる
158,よいぞ
159,たばこ吸ってなくておかしくなってないかな
160,だいじ
162,よくライブのネタバレせずに済んでますよ
162,よきよき
167,こんばんは
171,待てができない
177,おお
179,ハヤシさん初かぁ
182,禁煙シカネキ楽しみ
182,あーそうなのか
184,明日もシカちゃんとコラボですね
188,そうね
188,ディズムさんはいないのか
193,ハヤシさんも来るの楽しみ
195,来てましたねえ
195,ねるちゃんのとこのチームだね
196,そうだったんだ
198,ねるちゃんチームですかね
198,ほうほう
200,マイクラななし杯の助っ人やられてましたね
205,ハヤシさん意外とちゃんとコラボは少ないような
205,意外だあ
209,しゃれおつ
211,前来てくれたのはディムズさんか
211,ほう
213,19日の小惑星の話とかするのかな〜
213,ハヤシさんとるかこさんは言葉のイントネーションが似ているという共通点がある
219,ほう
219,２人とも話掘れば出てくる人だからなぁ
220,東大生なの？
220,紅茶vsコーヒーvsタバコ
222,素敵な資格をお持ちですね～
222,ほうほう
224,プロクラフターで天文学者で紅茶コーディネーター
227,おー
227,紅茶VSコーヒーおもろそう
228,紅茶党vsコーヒ党
230,はーい
230,スーパーカミオカンデについて機構
230,紅茶いいですね〜
230,はーい
232,楽しみ
235,はーい
237,なんちゃって以来かな
237,はーい
239,おれは紅茶派で行かせていただく
240,多才な方ですね＞ハヤシさん
240,紅茶コーディネーター兼プロマインクラフターで趣味天体観測のハヤシさん
242,楽しみです
244,そう言えばそうだったｗ
245,禁煙たいへんそうですなあｗ
251,大丈夫ですか
254,あらら
254,カブトムシ用意しなきゃ
256,あら大丈夫？
256,トモシカさん死にそうになってるよね
257,あらあら
257,はーい
258,無理しないでね
258,お大事に
259,あら
259,お大事にね
261,あらら
262,あらお大事に
263,喉お大事に
264,あらら
264,はーい
264,大丈夫ですか？
265,お大事に
265,無理はせず
267,無理せずお大事に
268,はーい
269,どうぞお大事に
269,喉お大事に
270,予言しなきゃ…
270,無理は禁物で
271,お大事にです
271,恐ろしく信用できない
274,お大事にして下さい
274,2時間ｗｗｗ
275,草
276,少し早めに･･･?
276,無理だけはしなでくださいね
277,無理せずできるとこまでで～
277,www
278,草
278,3時までやってたな
280,お大事に
282,禁煙中のシカネキの前で新春歌リレー1発目の歌でタバコを吸うるかこさんには痺れた
282,それは草
282,未来予知
282,言わなきゃいいのにｗ
282,草
283,ｗ
283,第一の予言
283,ｗｗ
285,ありそう
285,おだいじに
285,枇杷シロップのむ？
285,これもひとつの予言なのだろうか
285,ｗｗ
285,早めに（2時間）
285,草
286,草
286,草
287,ありそうなの面白い
289,少し早めとは
293,未来から来ました
294,誤差よ
294,はーい
295,ありそう
297,はーい
298,"配信してくれてありがとうございます( ´,_ゝ`人)"
298,このラジオが24時間ラジオになることを当時のるかこさんはわかりませんでした
299,終わりそうwww
301,毎週の楽しみ
301,www
302,草
302,www
303,おつまーれ？
304,おつまーれ？
304,5分で終わるのｗ
304,5分はさすがにｗ
304,なんかおつまーれの雰囲気ｗ
304,もう予告も済んだしね
304,おつまーれ
304,おつまーれ
305,最速の〆
305,おつまーれ？
306,おつまーれ？
306,おつまーれ
306,おつまーれ
307,おつまーれ？
308,5分番組？？^^;
308,おつまーれ?!
310,終わるのかと思ったｗ
310,おつまーれ！
310,おつまーれ？
310,おつまーれ
311,おつまーれ
312,おつまーれ
313,最速おつまーれｗｗｗ
313,記憶が消えた！？
313,早いw
314,草
315,おつまーれ
315,お大事にしてくださいね
316,まあ告知はしたし
317,最初に告知するからw
318,おつまーれ！！
318,おつまーれですか？
320,いきなしどうしましたｗ
323,5分じゃOPも終わらないもんなｗ
323,ﾎｰｳ……
324,来週のゲスト紹介も終わったし…おつまーれ！
325,おつまーれ！
330,今日は時空が歪んでいる？
331,お水えらい
338,5分でふつおたは早い
350,今日の早速は本当に早速だ
363,w
363,あなたかｗ
363,草
364,草
365,そうなのか
365,草
367,草
367,お前かwww
367,草
368,草
368,草
369,おめでとうございます？
369,ひねくれてて草
371,ｗｗ
372,草
373,草
373,あったなｗ
373,草
375,毎週送ってたのかｗ
376,草
376,w
376,草
376,草
378,w
379,草
379,草
379,あたおか
380,ww 読まれて良かったやん
380,www
380,草
381,きみね
383,心のつよいはがき職人だ
383,草
384,ｗｗ
385,ｗｗｗ
386,あったねw
386,主張が激しいのか控えめなのか
390,草
397,初手みあさん
402,草
403,出てましたね
403,明日、てか今日読書会ありますか？楽しみです。
438,道を走ろうとしてないｗ
439,自由奔放
440,道は踏みはずすものよ
441,メモ書きとか
446,道を？
447,道は自ら切り開くもの
448,うんうん
451,道を走ろうとしてないお便りｗ
460,こんばんは，大浦るかこ:owl:
463,キモラジ
464,きもラジ
467,草原だ
469,キモラジ！
484,ラジオですることだろうかｗｗ
494,るかこさん探しが捗らない
494,その切り開こうしてる道 公道なんだよなぁ･･･
495,www
495,あるあるｗ
497,残念
500,雑コラ絶賛募集中です
500,そうなの？
501,そうなんだｗ
502,送ったの？ｗ
506,あら
506,玉袋がどうとか？
509,あらそうなのね
511,恋愛話でしょ
512,鬼畜眼鏡で送らないんだ
515,恋愛じゃないかな
516,草
516,恋愛相談
516,なんやろなぁ
517,あらｗ
519,草
520,草
521,寄り添わないとね
522,ちろ先相談室ではめちゃくちゃ採用されてましたね
523,草
523,草
524,なんもワカラン
524,適当に書いても結構読まれる気がするのに
524,草
526,褒めときゃ採用されるｗ
526,草
529,キュンキュンする話でしょうね
529,みあちの認識よw
530,とりあえず褒めとけはｗ
532,酒か恋愛かやない？
532,肝ラジ、テーマのおたよりで前回読まれて感動しました
532,ｗｗｗ
532,みあちのプロファイリングが足りないね
532,草
533,"ほうほうw( ´,_ゝ`)"
534,素材バレしそうｗ
535,w
536,もはや丁寧コラなんよ
536,アドバンテージｗｗｗ
537,ちろ先の夏の大三角形よかったですね
537,ずるいww
538,それ使ったらばれてしまう
538,でしょうねｗ
538,雑コラに自信ある人もなかなかいないなｗ
539,ずるじゃん
539,ずるい
539,素材バレしそうｗ
540,使ったらバレバレやんw
541,そりゃそうだｗ
541,アドバンテージを生かそうとするの草
541,そこから足がつかない？
541,素材でばれそう
546,相変わらず湖南みあ大好きだな
546,そもそも提供されてないんだよなぁ
546,絶対ハイクオリティになるぞ…w
546,その素材使ったらバレるでしょ ！
551,素材バレするな
551,雑コラなら無双よ
552,雑コラいったん終わってしまいました・・
552,ヘラ野木一家量産してたね
555,かっさらうねぇ
555,ありゃ勝てねえよ
555,素材バレｗ
558,大浦メンタルクリニックすごかった
559,月野木一家の敗北
559,こんばんはー　大浦メンタルクリニックはこちらですか
562,大浦カウンセラー！
562,幸いなるかな
566,るかこさんのおかげでリスナー解散してましたね･･･
566,全部持っていかれた…
571,名カウンセラー
572,るかこ，あなたは中国語を話せますか？
573,草
574,草
576,草
576,いつぞやの結婚企画みたいですね
576,リスナーがへらったやつ
577,草
578,たのしかった
578,草
578,草
581,あの流れ好きだった
581,地獄ですなぁ
581,草
582,草
583,草
583,いい連鎖だった
584,草
584,メンヘラスパイラルｗ
585,リサイクルだねw
585,ｗｗ
585,おつまーれの流れはわらいました
586,草
586,おつまーれのちろまーれ
587,ｗｗｗ
587,草
587,たのしかった
587,うわぁw
587,地獄かな
588,そんなことになってたのかあれｗ
588,ええ
589,あれ面白かったｗ
589,ww
591,おもろかったｗ
591,楽しい連鎖でした
591,あれおもろかった
593,リスナーは配信者に似るんだなって
594,ほんとだよw
596,草
598,患者多数
598,終わりそうだったｗ
599,俺らいらねーじゃんて言ったらああなってしまったすまん
599,おつまーれのちろまーれ！
600,アーカイブ見なきゃｗ
600,大浦メンタルクリニックＶＳ因幡メンタルクリニック
615,よきかな
622,こんばんは
622,あとで観よう
625,論破されてもっと病みそう
638,土偶
638,がんばれ
647,お水えらい
647,気合い入れた水飲み
649,たぶん
652,この曲であってますよ
655,たぶんこれ
655,多分この曲
656,週一で記憶喪失になる大浦
657,たぶんこれ
659,あー、多分
659,そのはず…
659,たぶん
660,めいびー
661,たしかそう
662,へらってるの面白かった
665,うんうん
666,ふつおたはこれ
666,うん
668,合ってるはず
669,これだったはず
670,覚えてないけど合ってる
675,かわいい
676,適当なファイル名付けるのやめなさいってｗ
676,これだと思う　違和感ないから
677,リスナーも曖昧で草
681,あらやだ
682,true love
683,とても美しい ありがとう 愛してる Rukako:red_heart::red_heart::red_heart::red_heart::red_heart:
685,True love
685,優秀なリスナーだ
685,～true love～
686,藤井フミヤみたい
687,へぇー
688,へー
688,ええー
689,藤井フミヤしかしらねえ・・・
690,ｗｗｗｗｗ
690,全然違うね
690,www
690,そうだったの！？
691,ラブ……？
691,とぅるーらぶ？
692,おされ
692,ほう
693,草
693,そうだったんだw
693,lofiいいよね
694,どこがっていわれましてもｗ
695,へぇ
695,草
696,若干怪しい雰囲気ｗ
696,えーこれ？
696,愛要素ある……？
696,ｗｗｗ
696,藤井フミヤさんの名曲みたいな名前やな
696,そんな名前だったんだ…
699,そうだったんか
699,そうなの？ｗ
699,これが真実の恋かぁ
700,本当の愛なんてそんなもんだってことだよ
700,そんなタイトルやったのｗｗ
701,ミステリアスな感じしかないｗ
702,これがtrueなlove
703,むしろロジックを感じるわ
703,そんな名前だったんだ
704,Love要素どこ？
704,全然違ったｗ
704,そうなんや
704,行間読まないと･･･
704,ww
706,若干うさんくさい感じすらする
706,これなんか
708,w
708,今までラブコールで始まっていたのか
708,タイトルつけられるならラジオオープニングとかフツオタとかつけておけば……？
709,ホントの愛はここにあるんだ
710,そうだったのか…
710,君だけしかいなくてえええ
711,トゥルトゥルはしているかもしれん
711,これは見てもわからんわ
711,この曲の題名そうだったのｗ
712,隠してる愛って感じだね
713,衝撃の事実！
713,昼ドラ感あるけどｗ
713,愛を知らない女、るかこ
714,愛に全てを
714,本当の愛はここにある？
714,愛とは理解できないもの説
714,なんてこった
715,ラブスタートか
717,ちなみにこの曲はなんていうの？
720,遥か遥か遠い未来を夢見ていこう
720,知らぬ間に真実の愛に包まれていたのか
720,深いなぁ
721,即曲変えたｗｗｗｗ
721,フェイクラブのほうがしっくりくるｗ
722,これはtrue love
722,「裏ラジ神op」のイメージしかないw
723,本当の愛は最初と最後だけよ
727,それならば愛などいらぬ…！
727,愛なんて所詮こんなもん
731,フリー素材曲の曲名調べると結構イメージと違って面白いよね
731,あったね
732,うん
737,音楽のチョイス好き
741,あの配信のひかちゃんまじで面白くて好き
742,なんかやたら恋愛の話になりましたね…
743,新春はずっと恋愛観話してたね
744,ドライよね
744,あーw
744,草
745,草
745,このbgmにそんな深い意味があったとは、、、
746,www
746,ｽﾞﾊﾞｧ
746,失礼ｗｗｗｗ
747,あーｗ
747,www
747,草
748,美味しんぼかな？
749,true love を知らないるかこ
752,草
752,ww
753,草
753,草
753,ひどｗ
754,ｗｗ
755,あーw
755,何様だよｗ
755,あっ…
756,草
756,恋愛づくしの新年でしたねｗ
757,まあそれはなあ...
757,本当の愛かー
757,そんなことないでしょw
757,草
757,ｗｗ
759,合理性を追求してる
760,恋愛マスターも見てます
762,草
762,愛を知らぬ悲しき眼鏡
763,愛というか恋を知らない気が
763,いつか本当の愛にで会えるといいね…
765,でもラジオのたびに本当の愛を流してるのに…
765,愛ってなんでしょうね…
765,どっか行っちゃいそうな怖さはある
765,ww
766,羅王かな
767,あぁ、だから楽曲のタイトル知らなかったんですね
767,るかこさんにぴったりのBGMだったか
769,想像上の存在みたいなもんだし…
769,草
772,ミアさんよりはいいとおもうよw
773,SFの読み過ぎかもしれない
776,わりと未来的な恋愛観だと思うよ
781,ほう
782,草
783,愛とは元来、執着にちかしい意味だからね。
785,おガチ勢か？
788,本当の愛なんて感じ方次第だしなｗ
788,わおｗ
788,すげー
789,おおお
789,さかなクンさん？
790,おー、面白そう
790,あったねぇ
791,大丈夫、年取ると理性で人を好きになる
792,おお専門家
792,おお
792,ほうほう
795,ガチ勢だ
795,こんあー？
796,お、おう
796,おお
796,ガチの方きた
796,おぉ凄い人からの投降だ
800,ほえー
800,また専門の人を召喚してしまった
804,ほうほう
806,へー
806,うんうん
808,なんでも専門家いるな……
810,しましたよねえ
810,あるね
811,あったね
814,専門家助かる
825,有識者たすかる
825,へぇー
827,すごいよねえ
828,1から2までが急だ
828,なにそれこわい
829,ふつおた壊れる
830,摩訶不思議な生態
832,あー
834,それは凄いな
834,有識者ニキ
837,地上でも低いぞ
839,へぇー
840,へー
843,その後なんか役割あるのかな元オス
843,ほえー
845,ほー
846,へぇー
848,へー！
849,生殖にも必死なんだねぇ
852,w
852,例えよw
854,血管がつながるのは人間でいうところの親子のようだ
855,ふつおた…普通のお便り…普通ってなんだ…
855,矮雄(わいゆう)(極端に小さいオス)
857,やべー絵面だ
858,草
858,うめぇのかな？
858,お？お？
859,遠い目
867,うんうん
868,ほう
870,出会いを大切にしているのかな
871,ほう
873,俺も深海に住んでるのかも
879,ほう
883,ふむふむ
886,ほう
887,自己？
888,あー
889,深い
890,遺伝子多様性の話かな
890,あーね
890,自己
892,区別しないと攻撃しちゃうからか
893,hmhm
893,ほう
893,ほうほう
893,ふむ
894,ATフィールドのはなし？
897,ほうほう
898,難しい話になってきた
899,非自己
899,たしかに融合できるのって免疫的にどうなってるの？
903,ほー
905,人類補完計画？
908,ほほう
908,『転生したら深海の世界で逆ハー展開だった！？』
908,ふむふむ
910,！？
911,たしかに
912,GODEATERの話かも知れない
915,ほんまや
915,大学の講義始まった
917,ほうほう
917,うんうん
920,確かに
921,あれま
925,確かに
925,血液型とか違ったらやばそう
925,なるほど
926,そうだね
927,うん
928,そうね
928,なるほど
929,ふむふむ
929,確かにそうだ
931,たしかに
931,ほう
932,たしかに
932,言われると確かに
932,はーなるほど
933,なるほど
937,おもろ
937,へえ！
937,なるほど
938,ほー
939,まじか
939,ほう
939,ほー
941,へー
942,へー
943,へぇー
943,ゆーて人間でも精子は女体から排除されるからねぇ
944,へぇー
947,おもろい
947,へぇぇ
947,マジか
948,熱い話だ
949,ATフィールドないじゃん
949,あーなるほど
950,ほうほう
951,へー
951,面白いねぇ
954,へぇー
955,へー
955,ほへー
957,すごいなぁ
959,ほえー
960,勉強になるね
960,へー
961,へぇ
962,すげー
963,なるほど
964,思い切った進化だったんだなあ
965,リスクでかいことしてんな
967,へぇ～～～
968,はぇー頭いいなぁ
969,裏ラジはリスナーに専門家が沢山いるなぁ
972,なるほどかんぜんにりかいした
972,なるほど
972,:clapping_hands::clapping_hands::clapping_hands::clapping_hands:
973,面白いなぁ
973,面白い話
973,すげえ
973,すごいけど病気に抵抗できないのでは
976,勉強になるなぁ
976,完璧に理解した
977,繁殖欲＞＞＞＞免疫
977,へぇ
977,深海だと感染症の危険も低いのかな？
979,免疫を獲得したら自己が不可逆的に変化するよね
980,為になる
980,鮟鱇保管計画
981,局地での進化はおもろいなぁ
981,すげぇ進化の仕方だ
982,やっぱ生き物の軸は繁殖なんやなあ
983,面白い
983,これはすごい
984,ためになった
984,免疫より生殖が優先されるって本当に凄いことだ…
984,お？お？
984,ムカデ人間も非自己だなー
986,まさかのシンクロですか
986,すごい話
987,臓器移植みたいな感じなのかな
987,ふむ
989,移植に拒否反応が出ないのかな？
991,病気に感染したら一発アウト？
992,詳しく調べたくなるねぇ
993,生存競争の果てに深海に行ったやつらはちょっとくるってる
997,趣深いな
1000,あー
1000,ムカデ人間は草
1001,あったね
1002,あったね
1002,まじ？？
1002,あー　あったなぁ
1002,あったね
1002,へぇー
1003,ありましたね
1005,あったね
1005,あったあった
1005,あーありましたね
1005,おっ
1005,うんうん
1005,ありましたねぇ
1005,ありましたね
1006,あったなー
1006,あったね
1007,ありましたね
1007,ありましたね
1007,ありましたね
1007,つい昨日見た
1008,ありましたね
1009,遺伝子殺したやつですね
1009,豚の心臓を！？
1009,ありましたね
1009,あったね
1009,あーみました！すごいよねぇ
1010,へぇ
1010,ありましたね
1010,まじか
1010,ありましたね
1011,ありましたね
1011,そうなの！？
1011,ありましたね
1012,"ありましたね～( ´,_ゝ`)"
1012,あー
1014,ありましたね！
1015,ありましたねぇ
1016,ありましたね
1016,遺伝子改造したやつだっけ
1016,凄いよね
1017,あー見た見た
1019,すごい話
1019,みたみた
1019,ブタって元々人間にすごい近いらしいですねえ
1022,オレも豚になれるのか
1023,うんうん
1023,るかこさんは脳やられてるよね
1024,まだ数日しか経ってないんでしたっけ
1025,豚の遺伝子は元々かなり人間に近い
1025,あ～あったような
1027,オークかな
1027,へー
1028,なるほど
1029,へー
1030,できたんだねえ
1031,すっご
1031,オーク族の起源
1031,すごいな
1033,ぶひいいい
1033,人間に近しい豚というのがまたいいよね
1035,その豚人間とおなじくらい頭よかったりしないかな
1036,あったなぁ
1036,拒絶反応が起きないように操作した豚の心臓だったっけね
1037,豚の心臓つよそう
1039,以前は豚の弁までやったんよね
1039,食われるは実験に使われるわ大変よね
1041,拒絶反応が起きないか、経過が気になりますね
1044,人造オークやん
1045,iPS細胞で作る臓器は豚の中で作る(まじで)
1047,元々弁は牛のが使われてたから時間の問題だったらしい
1047,宝探しだぜー
1048,ほう
1049,やったー！
1050,まってる
1050,予言
1050,これがほんとの豚野郎ってな...
1055,あっｗ
1055,うん
1055,８０年代にはブタからの臓器移植の話題自体はあったなあ
1056,そうだねｗ
1056,あっ
1058,はーい
1058,あっ
1058,そこにつながるのかｗ
1058,食べましたねえ
1060,お便りが断捨離されたか
1060,あっ
1063,うん
1064,あー………
1070,豚の心臓を移植するエロゲ名作だからやってね
1070,あー
1074,クールー病か
1074,クール―病や
1074,異常プリオンのアレ
1077,なんか言うねえ
1078,あー
1078,確かに怖いな……
1078,うんうん
1078,あっ
1080,か、加熱したから・・・
1080,スカスカになるやつだっけ
1081,草
1082,もう手遅れやね
1083,あｗ
1083,あら
1083,草
1083,あー
1084,あらw
1084,うわぁ
1084,へー
1085,こわそう
1085,準レギュラーのヤコブ病
1086,タイミング・・・
1086,あっ
1086,ひぇ
1086,一番聞かない　ですかー　だ。
1087,あっ
1087,あら
1088,あー…
1088,あ
1088,みーあキャットの脳にしとけば……
1089,ぞくぞくしますね…
1090,あっ
1090,あきらめましょう
1091,はーい
1092,まぁ一個なら……
1092,なんかゴメン
1093,あっ
1094,問題あったら売ってないし平気！
1094,ほんと気を付けてね
1094,食べた後かー
1095,なるほどw
1096,ひぇ
1096,次の日体調崩してましたね.
1097,www
1097,知らなかった方がいい知識
1097,"あらま………( ´,_ゝ`)"
1097,長生きして……
1101,かゆうま・・
1103,www
1103,おおｗ
1103,リスクがスパイスになるやつ
1104,なかなか食べる勇気でないｗ
1104,美味しいんだ
1106,食べんよw
1107,とろけるプリン食べますね
1107,豚の心臓移植したらアウトやん
1110,脳みそからっぽのるかこさんに
1110,すぐに病気になるわけじゃないから大丈夫
1110,大丈夫よ！色々食べたけど私は元気です
1110,お、おう
1112,ここで長生きして
1112,w
1114,最近豚の心臓を心臓病の患者に移植したなんてニュースもありましたね。あれは遺伝子操作したらしいけど
1115,ブタの心臓移植出来ないかもしれないですね
1115,そんな覚悟して欲しくないｗｗ
1117,本物の覚悟や...
1118,プリオンは火を通しても関係ないからこわいんよな
1123,どうなんだろ
1125,ここで長く生きて
1126,えｗ
1126,豚化するのか…
1127,草
1128,え？
1128,絶対問題というわけじゃないけど安全は保障しないってやつですねえ…
1129,海外じゃ伝統的に食べられてるしリスクは低いのかな？
1129,呪いか何か
1129,おっと？
1129,あら
1132,脳味噌・・・あたまが・・・
1133,ほう
1134,浸食されとるわ
1135,ブタの思考が
1135,夢みたいな味と言ってたのに
1135,脳が侵食されている……
1136,こんばんは
1136,心因的なものよw
1137,豚の前世が…
1137,体に変化が
1138,なんか変なもん食った？
1138,おっと？
1138,それって、、、
1138,ええ〜！？
1138,ええ？
1138,こわ
1139,豚の記憶引き継いじゃった？
1139,あなた憑かれてるのよ
1139,脳に上がっていく虫とかいますね
1139,多分ノーシーボ効果
1139,まさか・・・ブタの記憶が・・・！？
1140,ええ……
1140,えええｗｗｗ
1140,まじ？？
1141,え？
1141,そうしたら豚の脳みそ移植しよう
1141,豚の脳が影響を・・・
1141,こっわ
1141,怖い
1142,まじか
1143,本当に食べてしまったのか?
1143,豚さんの夢を見ている、、、ってコト？
1143,Hello there
1144,豚に呪われちゃった
1146,フクロウだから遺伝子遠くてセーフにしておこう(vtuber便利)
1146,これでこっからじわじわIQ下がっていってったら笑う
1146,えぇ
1146,豚の記憶が・・
1146,豚の思念受けてる？
1147,大浦るかこはブタの夢を見るのか
1147,豚さんゆるして
1147,豚の夢やん
1148,日記はここで途切れている
1148,クトゥルフの導入みたい
1148,こっわい
1149,豚の記憶引き継いじゃってるじゃん
1149,や　　ば　　い
1149,医食同源って言いますしいい方に考えましょう
1150,こわ
1150,ああ
1151,豚に支配されている！？
1151,こわいなあ
1152,医食同源やん。
1153,日記書いておこう
1153,ブタのストレス？
1153,病院行く？
1154,食べたら悪夢見るチーズの強化版のような？
1155,小説書けそう
1156,怪奇豚人間
1156,インストールされてる
1156,猿夢ならぬ豚夢
1157,大丈夫？トンカツ食べる？
1157,今まで屠殺されてきた豚の呪い
1159,よく噛まないから・・・
1162,青春ブタ野郎かな？
1162,存在しない記憶…
1163,電気フクロウは豚の夢を見るか
1163,ブヒブヒ言い出しそう
1163,大浦るかこは電気豚の夢を見るか？
1164,そういう題材で小説書けそう
1164,やめてやめてｗ
1164,俺…毎日夢見るからブタなんだ
1165,怖い怖いｗ
1167,東野圭吾の変身を思い出す
1168,電気羊かな
1168,豚に人の脳も…
1170,豚が出荷されるまでの記憶かな？
1172,興味深いですね！
1172,クリスは素で悪夢見てそう
1172,大浦るかこは豚の夢を見るのか？
1173,幸いなのか…
1175,臓器移植で記憶が移る？って話はあるようですけどね
1176,え？
1176,ほう
1177,ひえ...
1177,テセウスの船みたいにるかこさんが豚に・・・
1178,はい
1178,おやおや
1180,大浦るかこは改造ブタのゆめをみるか
1181,もういないね
1181,大浦るかこは豚の夢を見るか
1182,うん？
1182,夜中ですしね
1182,いるでｗ
1183,まあ時間も時間だし
1183,ほう
1184,俺じゃん
1184,なぜ選んだw
1186,おっとw
1186,この時間に？
1187,事前注意えらい
1188,もう遅いの一言を送ろう
1189,シナプス繋いじゃったか～
1192,職場でスピーカーで聞いてますわ
1192,推しがサンプルに…
1192,草
1193,草
1194,大学の研究室でスピーカーで聞いてるわ
1194,w
1194,シモどんとこい
1196,ほう
1196,石かな
1197,わぁ
1197,3ヶ月ｗ
1198,え？？？
1198,ほう
1199,ああ
1200,ツイントルネードね
1201,あらま
1201,草
1201,草
1202,あっ…
1202,知らんがなｗ
1202,かっこいいじゃん！
1203,そのうち4つになります
1203,しらないよｗｗｗ
1204,つぎは４だよ
1204,草
1204,どういうことw
1205,なに言うとんこいつ
1205,草
1205,あー
1206,進化かな
1206,草
1206,まじかw
1207,ほぉ…w
1207,行きなぁ
1207,シャワーになるな
1207,病院いけや
1208,おっと
1208,石だね
1208,草
1209,猫又にでもなるの？
1209,病院に行きなさいｗ
1209,草
1209,知らんがなｗｗｗ
1209,ｗｗｗｗｗ
1210,ｗｗｗｗ
1210,石かな
1210,弱まってますね
1210,ｗ
1210,医者行け
1210,ｗｗｗ
1210,草
1210,草
1211,ww
1211,草
1211,草
1211,瀬をはやみ
1212,草
1212,草
1212,結石あるんじゃない？
1213,3ヶ月も放置するなｗｗｗ
1213,結石かも
1214,あーたまに分かれるわ
1214,病院行って
1214,あたちもそんなこと言ってたな
1215,ｗｗｗ
1215,増えてくのか...?
1215,尤も
1216,草
1216,行った方がいい
1216,ここに投げるネタか〜
1216,加齢です
1216,小学校から割れっぱなしです。おかしかったんだ
1217,尿道になんか出来てる可能性があるかもな
1218,せしナース宛だな
1218,草
1218,シャワーヘッドかな
1218,草
1218,シンプルな回答ww
1219,残念ながらもう....
1219,尿道にデキモノが有る可能性がありますよ
1221,そこの筋肉は弱るともう…
1222,草
1222,尿道ないでカウパーが固形化してるんだろ
1223,結石じゃないかな
1223,2年に1本のペースで増えます
1223,真面目に考えちゃったよｗ
1224,よくあることだけどな！
1224,八岐大蛇……
1225,結石・・・
1225,草
1225,してしまいましたｗ
1225,ww
1225,こちらメンタルクリニックです！！
1225,検索ｗｗｗｗ
1226,しちゃったか…ｗ
1226,最終的に霧状になる
1227,行ってクレメンス
1227,ｗｗｗｗ
1227,知らねえよ!
1228,草
1228,検索汚染は草
1229,草
1229,二車線
1229,調べたの？
1229,何又まで行くのか気になる
1230,草
1231,草
1232,ここで二手に別れよう
1232,google先生も困惑ｗ
1234,私もツーウェイだけど問題ないから大丈夫よ
1235,後で履歴消去して…
1235,検索しちゃった！？Σ(´Д｀；)
1238,検索汚染ｗ
1240,まじか
1240,まじ？？？
1241,どこまで分岐したら割れてる扱いなんだろう
1242,たまになるのなんなんだろう
1242,ぎぇ
1243,ひええ
1243,怖いじゃん
1244,こわー
1245,えっ
1246,ナニした後は割れやすい
1246,恐ろしい
1247,普通に怖いじゃん……
1247,深刻では
1247,朝起きた後とかなる
1247,ひえ
1248,メンタルクリニックかと思ったら泌尿器科だった
1248,結石は痛いぞぉ
1249,やべえやん
1249,そうそう
1250,ヤマタノオロチ
1251,YからIに戻ります　普通は
1251,結石はきついな
1251,小さい結石でもけっこう痛いからなあ
1251,どっちにしても地獄で草
1252,若いならモノの形の問題だけだろうよｗ
1252,ひぇ
1252,結石はいたいですよ・・・・
1253,尿「よし、ここで二手に別れよう」
1254,割れるの男あるある
1255,しばらくそっち系のウェブ広告が…
1255,やっばｗ
1256,行けるところまで行って！！
1257,そのうちシャワーヘッドみたいになるんじゃない？
1257,3wayビームはシューティングゲームでも強いから大丈夫
1257,最終的にシャワーみたいに細分化される
1258,普通に怖かった
1258,え……
1259,皮が余ってるなら普通に戻せるぞ
1261,結石なら排尿でワンチャン取れる可能性もあるけどな
1261,受精卵みたいにわかれてくのかな
1261,手遅れになるまえに行ってくれ
1264,知的好奇心には逆らえないよ
1266,壊れたダムかな
1267,八股の小便
1268,ツイストはしてるぜ
1269,病院行ってください
1269,www
1270,ほうれん草いっぱい食べてほしい
1274,この世は地獄よ
1276,ほう
1278,好奇心は猫をも殺すとも言いますし
1279,こんばんは。今来ました。おしっこの話をしてます？あにまーれですね
1281,しっかり調べてて草
1281,www
1281,けっこう調べたｗｗ
1286,どれだけ興味もったのｗ
1286,すごい調べたなｗ
1287,ガッツリ調べたのねｗ
1287,結構汚染されちゃいましたね・・・
1288,すごいな
1288,尿道の問題かｗ
1292,画像いっぱい見たんか
1292,ガッツリ調べてるww
1295,なるほど
1297,なんかできてるね
1297,皮かぶりのせいもありえるしね
1297,尿管結石になった時はチョロチョロとしか出ないし痛い
1298,2wayは威力下がるから
1298,ほうほう
1298,すごい検索汚染するな
1300,ガッツリ調べてるなぁｗ
1302,しっかり調べたんですねｗ
1302,でも管一つですよね？
1303,検索汚染ェ...
1304,ほぇー
1306,ホースの先っぽ握ってるようなものなのかな
1306,www
1307,あにまーれですよ
1307,草
1307,広告に変なの出てきそう
1307,大浦クリニック始まったな
1308,ｗｗｗｗｗ
1308,受診してw
1308,草
1309,草
1310,ｗｗｗ
1310,あにまーれだなぁ…
1310,あにまーれ全体をまきこむな
1311,草
1311,朝一はYなりがち
1311,草
1311,あにまーれへの熱い風評被害
1312,お〇ん〇ん限定の話なのかな？？
1312,ｗｗｗｗ
1312,wwwww
1312,おしがま・・・
1312,これがあにまーれ
1312,そうなの？
1313,違うの？
1313,包茎かどうかの問題もあるぞ
1313,あにまーれ…
1313,え！？違うの！？
1313,おしっこ喫茶あにまーれ
1314,おしっこ団体あにまーれ
1314,それは
1315,www
1315,団体ｗｗ
1315,草
1315,あにまーれですねｗ
1315,草
1315,あにまーれですね
1317,あにまーれなのは間違いないです
1317,そうですね！けちゅの団体ですよね！
1318,おしっこでも違和感のないグループ
1318,OSGMよくしてるし
1319,www
1320,ちがうのかぁー
1320,本当にか？
1320,おしがましがちなだけ
1321,ww
1322,プロレス団体です
1322,おしっこ団体あにまーれ！
1322,泌尿器喫茶
1323,これがあにまーれか
1324,おしっこがまんしたり、おもらししたりする774inc
1324,たまたま！！？
1324,え？
1325,尿管喫茶になってしまった
1325,まぁ、あにまーれだなぁ
1326,まとまーれ　尿
1326,せやろか？
1327,いやぁ……？
1327,"それはそうww( ´,_ゝ`)"
1327,あにまーれは下半身に強いからなあ
1328,違うの？
1329,おしっこ団体とは
1329,メンタルクリニックに泌尿器科の相談にきてはいけない
1330,ホンマか？
1330,♩
1331,してるよね
1331,いつからそんなイメージがｗ
1332,似たようなものやろ
1332,しもまーれ
1332,たまたまとな？
1334,我慢するか2wayか
1334,シモの話をしないメンバーっているかな…
1337,筆頭者からして
1338,あにまーれはアイドルです♩
1340,うーん…
1342,そうそう
1342,カジュアル！？
1342,それはそう
1345,ハプニング喫茶だし同じようなもん
1346,そうかなあ
1346,下手に調べると右下に広告出るぞ
1347,あー
1351,尿管喫茶
1354,そうですね〜
1355,お大事に...
1355,今時期中々行きにくい感じですが泌尿器科ならいいのかな
1377,ほう
1378,2ウェイの次はノーウェイですか
1378,うんうん
1381,ガチの神映画だぞ
1396,クロスユニバースの略だと思ってた＞MCU
1397,ネタバレ怖いんで消えます
1401,長い
1402,多いな
1402,NWHおもしろかった
1402,NWHは過去のスパイダーマン見てたらオススメなやつ
1403,そうですね
1404,まだ「男はつらいよ」より少ないね
1405,全部追い出したらえらい事ですね
1409,多いなぁ
1413,大変だ〜
1425,NWHはスパイダーマン過去作もみなきゃいけないから予習作品がほんとに多い
1427,ほう
1429,気持ちはわかる　ＦＧＯがそんな感じ
1433,見たい映画多すぎる
1434,ほうほう
1440,草
1443,草
1443,ｗ
1444,w
1445,市民ケーンｗ
1447,ｗｗｗ
1447,草
1447,草
1448,草
1448,草
1448,草
1448,草
1448,草
1449,でも予備知識あると楽しいんだよなあ
1450,草
1450,ｗｗｗ
1450,草
1450,草
1453,草
1454,イキリ倒してて草
1454,草
1455,草
1457,草
1457,おお
1463,草
1464,ドツボじゃんｗ
1470,勢いあるねー
1474,ほう
1476,草
1483,草
1485,はまったねーw
1490,勢いがすごいなｗｗｗ
1490,山田
1491,山田ｗ
1494,オタク早口
1496,www
1497,バナナ
1497,バナナ
1497,バナナ
1498,ｗｗ
1498,ば　な　な
1498,ww
1498,ﾊﾞﾅﾅ
1498,全部見た上でのエンドゲームはまじで体験してほしい
1500,ばなな
1500,:banana:
1500,ばなな
1502,ばななww
1502,情報が多いｗ
1503,ばなな
1504,草
1504,バナナ
1506,ガチや
1507,ばなな
1507,オタクくんw
1508,マニアのこれだけ見ろを全部見ると全作見ることになる
1509,"語りが凄いwww( ´,_ゝ`)"
1510,ばななｗ
1510,ばなな
1511,バナナで抱腹絶倒
1513,ガチだった
1514,ば　な　な
1514,好きだなこいつ
1515,バットマン
1515,バットマンとか
1515,すばらしーい
1516,ダ・カーポだよ
1516,ウォッチメンはいいぞ
1516,オタクってめんどくさいな！
1516,熱意しかなかった
1518,バットマンとかスーパーマンがDC
1519,スーパーマンとかバットマンとかね
1520,ジョーカーすきなんだが
1521,バットマンスーパーマンとかの出版社ですね
1522,スーパーマンとか
1522,ダ・カーポかと思ったら違うのね
1522,バットマンとか
1522,ジャスティス・リーグであってます
1523,ジャスティスリーグはDC
1523,スーパーマンとかバットマンのほう
1523,別だね
1523,ジャスティスリーグもDC
1523,熱いお便りだ
1525,ジャスティスリーグ側がDC
1525,すごいお便りだ
1526,ジャンプとサンデーみたいなもの
1526,DCが出してるのがジャスティス・リーグ
1527,あってますよ
1528,ジャスティス・リーグの方だよ
1530,ww
1530,ジャスティスリーグのことよ
1531,ダ・カーポｗｗｗｗｗ
1532,www
1533,サーカス商法か
1534,ダ.カーポwwww
1534,ｗｗｗｗ
1535,マーベルと双璧のコミック
1535,D.C.
1537,D.C.
1538,ダカーポ草
1538,ダカーポは懐かし過ぎる
1538,ギャルゲーだったのか
1538,草
1539,DCコミックねw
1540,古いんだよｗ
1540,ダカーポも間違いではないｗｗ
1540,古いわw
1541,草
1542,草
1542,草
1542,サーカスｗｗ
1543,やめいw
1543,草
1543,草
1543,ｗｗｗｗｗ
1543,Da Capo Comics
1544,ダメダメダメ
1545,ダカーポｗ
1545,D.C.
1546,ドリームキャストや
1546,ダ・カーポｗ
1547,曲芸商法を許すなｗ
1549,草
1549,草
1550,ドリームキャストじゃなければ概ねOK
1552,桜咲く島が舞台そう
1552,いいんだよ
1552,音楽用語だなw
1553,草
1554,スパイダーマンと朝倉音夢が共演したら笑う
1554,マーベルと双璧すげぇ
1554,マーベルかダカーポだよ
1556,サクラサクミライコイユメ～～～
1556,敬語妹やっほーい！
1556,ダ・カーポのどのやつかな？
1556,ﾖｼｯ
1557,マーベルマーベルシリーズだった...?
1557,ダ・カーポならしょうがない
1557,なつかしいなあ
1558,ワンチャンダ・カーポシリーズのほうが作品数多いまである
1558,マーベルデザインのダ・カーポ
1560,え？
1563,ダカーポとマーベルの二大巨頭
1563,バットマン出てくるダカーポ怖い
1564,まあ良いよそれで
1569,ダ・カーポになっちゃった
1570,音楽用語だな
1571,懐かしくてもう
1572,ダ・カーポだったのか
1576,ww
1579,混乱するww
1580,イタリア語だけど
1580,アクアマンはDCの中でも救い
1583,一番最初……？
1584,ディバイン・クルセイダーズやぞ
1585,ダ・カーポにアクアマン出てくるんかぁ
1591,実質ダ・カーポだな
1602,アメコミは分からんなぁ
1605,ダ・カーポw
1606,アクアマン攻略できるの？
1606,それがいい
1607,ワンダーウーマンの方が古い気がしないこともない
1609,ダ・カーポじゃないからw
1610,ぜひ観て
1611,ダ・カーポ見たくなってきた
1612,ダカーポもヒロイン一杯だしな
1614,"わっつ？ww( ´,_ゝ`)"
1615,アクアマンが出てくる絵ほげー・・・
1618,ほう？
1621,ほう
1621,わかる
1623,時間すいとられるよなぁ
1623,バットマン攻略したいな。玉の輿！
1625,あたしもアントマンで止まってるなぁ
1625,なんかわかる気がする
1626,あーわかる
1628,ダ・カーポはドラマ版のARROWとかFLASHが面白すぎてな…
1630,わかる
1634,わかる
1634,ほう
1635,わかる
1636,全然知識ないからどこからが本当の略語なのかわかんない…
1637,わかる
1638,なるほど
1639,好きなヒーローだけつまめばいいんですよ
1640,アントマンから止まっているなぁ
1641,わかる
1644,レベル最大にしてからラスボスに行きたい
1646,こだわってしまうのわかる
1646,時間がないのはどうしようもないですね…
1650,なるほど
1651,そうなんや
1653,最高の環境で見たくなる
1654,アントマンは見たー
1655,初見は一度きりしかないから大事にしたいね
1659,アントマンスキップしてエンドゲーム見ました
1660,見たいときに見たらいいでいいと思う
1660,アントマンよかったわね
1662,巨大化できるよ
1664,うん
1667,MARVEL作品名前は知ってるけど見たことないなぁ
1669,拡大もするよー
1670,同時視聴配信しようぜ
1673,アントマンの早口男好き
1675,発想が面白いですね
1677,アントマンが一番エンターテイメント映画
1678,ウォッチメンの漫画版面白いので読んでほしい
1681,話は結構エグいのにコミカル
1682,あれは面白かった！
1695,へぇー
1697,そうそう、エドガーライトがやる予定だった
1700,あれね
1702,ほぅほぅ
1703,w
1703,江戸川乱歩?
1705,最近ラストナイト・イン・ソーホーって映画やってた
1707,シナプスｻｧﾝ！！
1710,シナプスがんばって
1712,あれあれ
1721,www
1727,ださい邦題の人だ！
1729,キングスマンもマーベルコミックなんだっけ
1729,るかこさん、ヴェノムとか好きそうだけど
1732,えっ！？
1739,ホットファズ
1741,行こう行こうと思ってると終わってるやつ　キングスマンがそれだった
1743,アントマンとGOTGは雰囲気明るくてよい
1750,ほう
1750,世の中にはまだまだ楽しそうなものがあるなぁ
1751,力が弱いとかドンくさいとか知らなければ俺らもMCUは入れたかもな
1751,ホットファズ懐かしい
1756,最新作を追わないとひぐらし一人考察みたいになりますよ
1758,キングスマンは今やってる
1758,うちの近所終わってた……
1758,まぢ！？
1764,草
1764,ｗｗｗｗ
1766,キングスマンはやっとるで
1766,キングスマンは急いだほうがいいよ
1769,キングスマン都心ならまだやってるかも？
1769,キングスマンはまだっしょ
1771,草
1774,最新キングスマンはまだ大丈夫じゃないかな
1775,光陰ライトニングアローよ
1777,キングスマン上映回数だいぶ減ってたけど
1778,キングスマンはやってますね
1780,最新キングスマンはあまりキングスマンじゃなかった
1781,場所によっては終わってますね
1782,キングスマンは場所によってはもう…
1783,まぁでもけっこう時間経ってるから終わってる劇場もおおそう
1783,終わってるとこもあるの？
1786,あれは面白いからねw
1794,終わった場所もあるね
1794,やべぇ！
1794,はよ見てきなさい
1796,今は呪術が強いので……
1798,ながいわw
1799,そんなやらないよ
1800,フォットファズは開始５分でめっちゃおもろいね
1801,あまり観てる人いなかったのかなぁ
1801,大浦さん結構油断しがちよね
1803,最新キングスマン、もしかしてコケてる？
1803,流石にそこまではｗ
1804,大人の事情
1805,もう一か月だし
1810,今近くの劇場見たらもうやってなかった…
1812,1か月ぐらいじゃない公開期間
1813,ロングランする作品減ってるのかね
1816,バルト9とかならダラダラやってそう
1818,思い立ったが吉日であした見に行こう
1819,油断するとすぐ終わりますよね
1819,"映画は終了速いですね～( ´,_ゝ`)"
1828,クリスマスもう三週間くらい前よ
1830,そうね〜
1831,悲しい
1836,都会と田舎は違うのじゃ…
1838,ガルパンは数年やってるイメージなのに…
1839,見ないと見れないですからね（？）
1841,草
1842,平家「栄華一瞬で終わるじゃん」諸行無常
1845,草
1846,打ち切り！？
1846,ｗｗｗ
1848,えｗ
1849,最近の映画って基本1ヶ月で終わる印象
1852,最近早いよ　サイクルが
1852,今までで一番動揺してて草
1853,悲しいなあ
1854,確かにねぇ
1855,ちょっと違うって意見はあったな
1856,コロナの影響もあるかも
1857,コロちゃん怖くて映画館行けないよぉ
1857,スパイダーマンとか公開したからね･･･
1858,見たけど感想は言わんでおくわ…
1858,一作目最高だったよね…
1859,それはある
1861,インパクト強かったし
1863,ご時世も悪くなってるし厳しいね
1864,1ヶ月は早いなあ
1864,一瞬に咲いて散る儚さよ
1864,うちはそろそろ吹き替えだけになりそう
1864,こんなに動揺するるかこさん久しぶりに見たかも
1865,キングスマンは公開延期くりかえしまくったから
1869,映画館のローテが速まってる気がする
1884,マトリックスもそろそろ
1896,エッグベネディクトだか缶バッチだかの人か
1896,カンバーバッチすき
1898,ノーウェイホームにストレンジおじさん出るからそこまで見よう
1899,なるほど
1900,今回のは一昨目二作目見返さなくても大丈夫だよ
1900,シャーロック激推しるかこさん
1906,ＢＢＣのシャーロックはよかったよねぇ
1909,そうなんだ〜
1911,るかこさん一気見じゃないと進まないタイプかしら
1914,うんうん
1918,おお！
1919,へえ
1919,へー
1920,マーベルは次作
1920,あー
1922,ストレンジの新作もうすこしで公開ですよ
1925,うんうん
1926,ほお
1927,へー
1929,せやな
1931,マッツもかっこよかった
1931,ニヤニヤしますねぇ
1931,グラナダのシャーロックしか知らんｗ
1940,ホームズやってたダウニーJrも出てるしね
1944,拙速を尊ぶ
1948,お気付きになられましたか
1950,語ると早い
1951,おっとw
1951,なんでやろなぁ
1953,熱く語ったからや
1960,お気付きになられましたか
1960,アーカイブ勢笑ってそう
1961,通常営業
1961,枚数多い？
1962,裏ラジ時が加速しがち
1962,脱線がメインコンテンツだから
1967,どうしてでしょうねえ
1972,ほうほう
1972,ほう
1975,おぉ
1976,あらま
1982,ほう
1984,おお
1986,お～
1986,あー
1987,いるいる
1989,あるある
1990,あー
1990,あーね
1991,あー...
1991,よく聞くね
1991,ちょいちょい社会が変わった感じがしますね
1991,そんなことあるのかｗ
1992,ひろゆきは見ないようにさせろ
1994,あたちが言ってたなあ
1995,あー
1996,あるある
1997,ひろゆきとか見出すから
1997,なにそれこわい
1998,親世代はハマりやすいって聞くよね
1998,親はネット初心者だから...
2000,おお、こわ
2001,うちの親もよく見てる
2001,クリスさんも言ってた気がする
2004,老人ハマるらしいね陰謀論
2004,あたちが良く言ってるやつ
2004,ありがちで怖い
2005,うちの親も陰謀論に取り込まれてたわ…
2006,かわいい
2007,かわいい
2008,はい
2009,かわいい
2009,草
2009,ｗ
2010,ｗｗ
2010,キキララ？
2011,マ行に弱い大浦さん
2011,ききみみ
2011,ひろゆきとか漫画系とかね
2012,たすかる
2014,かわいい
2015,ききみみを　たてていました
2017,ま行
2018,聞き耳で振ります
2018,草
2020,草
2021,かわいい
2021,魔のま行
2021,草
2022,草
2023,草
2023,ゆっくりｗｗｗｗ
2023,可愛い
2023,ま行w
2023,陰謀論かひろゆきだね
2024,ゆっくり…
2024,ゆっくりｗ
2024,草
2024,草
2024,ゆっくりｗｗ
2025,草
2025,草
2025,ゆっくりｗｗ
2025,草
2025,かわいいｗ
2025,草
2025,ゆっくりｗｗｗ
2025,ゆっくりるかこ
2026,草
2026,ゆっくり実況ｗｗ
2027,ww
2027,ゆっくりしていってね！！！
2027,草
2028,かわいいｗ
2028,おもしろそう
2028,＼ゆっくりしていってね／
2028,棒読みちゃん！？
2029,よかったｗ
2029,ゆっくりで草
2029,ゆっくりしていってね
2030,セーフ
2030,草
2031,ゆっくりしていってね！
2032,草
2032,ゆっくりかｗ
2032,ゆっくりw
2033,草
2033,平和でよかった
2033,ゆっくりww
2033,ゆっくりは安心感高め
2034,まさかの
2034,ゆっくり解説ｗｗ
2034,草
2035,ww
2035,草
2035,よかったねぇw
2036,かわいいな
2037,かわいい
2039,すばらしい
2039,ゆっくり見てる親かぁｗ
2042,ゆっくりｗ
2042,ゆっくりいっぱいあるね
2043,ゆっくりｗ
2043,ニールがいたな
2044,あるある
2045,なおゆっくり解説の陰謀論もあるので油断ならないゾ
2045,ほっこり
2046,カワイイ
2047,ゆ
2049,ゆっくりしていってね
2052,親がゆっくり見てるの草
2054,うんうん
2055,あたたまるか？
2055,めちゃくちゃ動画あるよなぁ
2057,本来ターゲットからずれた人に届くのっていいよね
2062,草
2062,東方は知らないけどゆっくりは知ってる人多いらしいね
2063,ゆっくりのモノマネもう一度お願いします
2063,あーあれｗ
2064,それ見た
2064,炊いとるよｗ
2067,マックのやつかな
2067,それおすすめに出てきたな
2067,草
2067,まんじゅうのようなキャラ
2070,それ見ましたｗ
2072,面白そうｗ
2072,わかるわあ
2074,ゆっくりの歴史解説は見てた
2075,なるほど
2078,こんばんは
2080,ゲーム攻略のスロー動画めちゃ助かってる
2080,それおもしろかった
2081,アスキーアートよね
2081,東方はいいぞ
2087,奇書解説とか見てたなあ
2089,なるほど
2089,すごい数あるからおもろいのも多いね
2093,ww
2095,面白いのあるよね、
2098,ゆ虐で調べるんじゃないぞ
2098,東方の主人公のような姿をしたまんじゅうだぞ
2100,どんなジャンルにもゆっくりが侵蝕してる気がする
2100,獅子王が詳しいかもしれない
2101,もとは東方キャラのネタAA
2102,元はアスキーアートじゃないのかな　5chとかの
2107,２ｃｈのアスキーアートだっけ
2107,なれると癒しになる声なのよね
2108,ゆっくりは元々東方のAAで声はソフトークってソフト
2109,ゆっくり自体が二次創作だったはず
2109,ゆっくりを正確に説明できる人そんないない気が
2109,霊夢と魔理沙
2110,東方とは全くの別物だししゃーない
2113,今日は～について解説していくぜ
2114,いうて東方知らんけどゆっくり知ってる人だらけやろ今
2114,ゆっくり動画良いですよね
2115,頼もしすぎる
2116,実際ほぼ東方とは関係ない
2116,ニコニコの東方タグから出来たのは知ってるけどなんでかは知らんのよな
2116,そうね
2117,ピンキリだけど質の高いのもあるね
2118,フリーってすごいね
2118,日本住血吸虫との戦いは面白かった
2120,元々はAAだからね
2120,ホントそれ
2124,ゆっくりもピンキリではあるが
2124,文字で作った絵
2125,ゆっくりは東方と関係あるかと言われればなんも関係ないですよね、顔使ってるだけで
2125,れいむとまりさだっけ
2126,ゆっくり解説動画は見始めたら止まらない
2128,値落ち勉強が捗る
2128,モナーとか
2129,ASCII
2129,( ´∀｀) 
2131,そう。音声で聞かせてくれるから作業中に流せるのがすごくいいのよね。
2131,それは関係ないかなｗ
2132,最近ジェットエンジンゆっくり解説見ました
2133,ベットに入ってから無限に見てしまう
2135,分かりやすいよね
2135,( ´∀｀)
2136,数学オリンピック解くゆっくり動画めちゃ見てる
2136,文字でつくる絵
2136,顔文字
2137,文字や記号で描く絵のことですね＞ＡＡ
2138,どうしてそっちにｗ
2138,西和彦はMSX3作ってるぞ
2139,ASCIIは文字記号のことよ
2139,ASCII懐かしい
2139,2ちゃんねるのよ
2139,文字列で絵を表現するのよ
2141,文字コード
2141,笹食ってる場合じゃねえとか
2141,アスキーアートをご存知でない！？
2141,それは関係ないですね
2142,モナーとか
2142,(´・ω・`)←こんなやつ
2144,AA
2145,AA知らない世代・・・
2145,1バイト文字で作る絵
2146,アスキー文字列のアート
2155,左様でございます
2155,(
2156,ASCIIなつい
2160,アンチエアー
2160,もともと絵文字っていったらこれだった
2161,アルファベットとカタカナのアスキーがございまして
2162,匿ラジじゃん
2162,顔文字もAAですよ
2162,つられる熊ーとかね
2163,るかこがAA知らないって意外だな
2164,時代を感じるな〜
2165,NDK
2169,八頭身モナーとかご存知ない世代かな…
2171,ひろゆきかな〜?
2173,優越感あるんだろうな
2173,ゆっくりが語るゆっくり出生
2173,顔文字のすごい版
2179,ゆっくりAAがゆっくり長編になってゆっくり動画へ
2179,電車男で小栗旬がアスキーアートで応援するんよね
2182,ASCIIは文字セットの規格で半角数字とアルファベットと記号だけ
2185,すごいものの一端を担ってるのすごいですよね
2186,教祖みたいなものなのかしら
2186,ｷﾀﾜｧ*･゜･*:.｡..｡.:*･゜(n‘∀‘)ηﾟ･*:.｡. .｡.:*･゜･*
2195,やる夫は今でも見るな
2200,フォーマットを作った人は偉いね
2200,ヤクバハイルみたいな人も出てくるから
2200,隙オモ
2200,語彙死んじゃってた
2203,ネットのコラ画像とかの本人とかたまについったーで見かけるな
2212,ゆっくりは一応利用規約とかあった気がする
2212,領収書捨ててた人たち
2213,yes存じ
2213,存じ上げYes
2218,とんかつ教室はよく見てた
2218,隙あればオモコロ
2221,頻繁ですよね
2233,反省ダンス大好き
2235,ほうほう
2237,ちびまる子ちゃんが無人島に漂着したときのサバイバルドラフト好き
2241,ほう
2242,あれも匿名ラジオが元の企画よね
2244,隙コロ
2245,ほう
2245,最近見てないなぁ
2248,あれよかった
2249,知ったかインタビュー
2251,面白かったですね～～～
2252,じゃあまず年齢を教えてくれるかな？
2255,面白そう
2262,へー
2263,ふむ
2265,アキネイターみたい
2265,へー
2268,ほうほう
2269,大声の永田、狂人の原宿
2278,へー
2280,エロ本探しが印象に残ってる
2282,いいね
2284,へぇー
2286,リスナーにやる？
2295,長島さんのスケボーも買ってね
2296,しったかインタビューの語感いいな
2297,コミケ配信で似たようなのしてましたねｗ
2310,はーい
2314,まかされた
2314,はーい
2326,www
2326,草
2326,草
2328,草
2328,oh
2330,ん？ｗ
2330,草
2331,草
2331,草
2331,尿道の話してるのに…
2331,わー
2331,草
2331,おお
2331,草
2332,なんだそりゃｗ
2332,まじで！？
2333,君は誰なんだ？
2333,良かったねｗ
2333,草
2333,どこ目線だよ
2334,草
2334,へぇー
2334,草
2335,大丈夫かな
2335,草
2335,草
2335,草
2335,www
2336,草
2336,草
2336,？
2337,草
2338,怪しい
2338,泌尿器科とか言ってるラジオを！？
2338,よかったね！
2339,ピチピチじゃん
2340,まるで若い女が見てないかのような
2341,いい刺激になりそうｗ
2341,"うんうん？ww( ´,_ゝ`)"
2343,どうしたらとは
2343,なんとすごい
2344,R18やぞ
2344,おなかいたい
2344,いえーい見てる？
2344,やっべ
2344,JKはまずい
2344,よかったね
2345,珍しいね
2346,JKだ！囲え！！
2347,だいじょうぶ…？
2347,17歳の娘のお父さんも見てるんだよな
2347,どうしたい？ってw
2348,さっき泌尿器トークしてなかった？
2349,いいんじゃないかな
2349,おしっこの話題よくなかったかも
2350,ｗｗｗ
2350,とりあえず謝ろう
2351,草
2351,草
2351,さっき何の話をされました？？
2351,教育に悪そう
2351,まあおるやろ
2352,やめて
2352,本当に...？
2352,お父さん、娘さんみってるー？
2354,草
2356,もう今更なんだよな
2356,尿ｗｗ
2357,草
2357,あれ、なんかマウントとってきたぞ(笑)
2357,推し、燃ゆの感想を求めたい
2357,そうだった…ｗ
2358,興奮してきたな
2358,草
2360,草
2362,やばい！！俺逮捕されるかも！？！
2362,どうして見せた。言え
2362,ナウなヤングにバカウケですなぁ
2363,どんな子が育つのやら・・・
2364,胸張っていきましょう
2365,JK向けだった？
2365,ここにいる人はみんな紳士ですよ
2366,親子でV見る時代か
2369,草
2370,親子で仲良く見てるのか
2370,18Kやからアウト
2370,ナウなヤングにもバカ受けな裏ラジ
2371,メモってるかもしれん
2371,17歳が20歳のラジオきいてるだけだから…
2373,ツーウェイホームの話しちゃ駄目よw
2374,今更日和っても仕方あるめぇ
2374,草
2375,その娘は実在していますか？
2377,生き恥を刻んで行くぅ！！
2378,www
2378,生き恥ラジオ
2380,悲しいけどこれ生なのよね
2381,おしっこ背負って生きていこうね
2381,業を背負っていこうな
2382,恥じる必要はありません。
2383,ひよクロにしときなー
2383,生き恥晒し浦さん
2388,深夜なので……
2391,存分に汚れてもらおう
2393,ひきずらない
2393,配信者の定め
2395,これるかなぁｗ
2395,やっちまいましたな
2399,というか性年代層どうなんだろう
2399,ついてこれるか・・・
2399,"どうしようもないですねww～( ´,_ゝ`)"
2400,落ち着いた語り口で何言ってんだｗ
2400,なるわよ
2400,わしらに！？
2401,JKわぞ
2401,むずかしいことをいう
2403,じゃあ俺も女子高生になる
2403,JKわよ
2404,俺達が女子高生になれば
2405,？！
2405,JKです
2405,みんなが！？
2405,女子校生わよ
2406,そうわよ
2406,無茶言うじゃん
2406,えぇ…
2407,俺たちがJKだ！
2407,それこそARu子みたいなJKしか無理だろ
2410,JKわぞ
2410,皆女子高生ｗ
2410,なるわよ
2410,えぇ…
2410,まかせろ
2410,そうだわ
2413,女子高生になるって何だよ
2413,ふるい落としていくのか
2413,高校はまだしも女子は難しいね
2413,俺自身が女子高生になることだ・・・！
2414,JKですわよ
2414,JKわよ
2414,そうわよ
2415,女子高ってどうやったら入れるんだろう
2415,俺たちがJKになるんだよ！！
2415,？
2416,お？おう
2416,元々JKですわ
2416,むしろ全員Jkになればプラスまである
2416,みんなJKわよ
2418,地獄じゃん
2419,女子高生わぞ〜
2419,私もJKわよ
2420,人類総JK化計画
2420,地獄にしないで
2421,JKわよ
2422,合理的
2422,全国の女子高生の皆さん、見てるー？
2422,無茶言わないでください
2423,なんなら濃度はあがるからな
2424,JKわよ
2424,リスナーみんな女子高生
2425,？？？
2425,あたしJKよ
2426,しゃあねえちょっとJKになってくるわ
2426,ちょっと女子校行ってくる
2428,24歳、女子高生です
2428,総女子高生計画
2428,16歳JKです
2428,総おじさん数は減るけど
2428,"なるほどなぁ～( ´,_ゝ`)←←"
2429,ほとんどJKで草
2429,女子高生ですわよ
2429,おれも女子高生になるか…！
2431,しかも女子高生比率が上がる
2431,女子高生ってか親子で見てんのか…
2431,女子高生わよ
2432,ははぁクマノミ式ですか
2432,統計トリック
2432,そして野郎はいなくなった
2433,まあなることに関してはやぶさかではない
2434,すごい計算ねｗ
2434,俺が女子高生になる
2436,性別、JKです！
2437,男子高生も女子高生に...?
2438,質量保存の法則みたいな
2438,俺たちがＪＫに！？
2438,魚の性転換の話聞いてる感覚になる
2439,成っちまってもいいのか？
2441,「総女子高生数」
2442,コメント草
2444,JK化計画
2446,お
2446,モロッコいってくるわ
2453,ほう
2455,でた!
2455,かくしておじさんは絶滅したのでした。めでたしめでたし
2456,お
2457,あー
2461,あーあれか
2461,にゃるら氏のゲーム
2463,ほうほう
2463,聞いたことはあるな
2464,草
2464,今風だ
2465,なんだそれｗｗ
2465,最近話題の
2466,面白そう
2467,ＭＩＡＭＡＮじゃん
2468,さっそくJKお断りなお便り
2470,あー
2470,なんかデジャブな話だな
2471,でたわね
2474,ほうほう
2475,草
2478,めっちゃ面白いに決まってます！
2479,にゃるらさんのやつだ
2483,うんうん
2488,へぇー
2490,おお～
2490,もう40分すぎたけどあと2コーナー分喉大丈夫か？
2490,来週発売やね
2493,へぇ
2501,にゃるらか
2515,おもしろそう
2519,あの曲好き
2520,ウィッシュリスト入れとこ
2521,積みゲーも増える増える
2521,あたちがゲームのツイッタアカウントフォローしてるの見つけてしまった
2534,ほう
2535,そろそろ
2539,ほう
2543,へぇ
2550,ふむ
2550,おお
2551,良い関係だなー
2553,おおー
2553,へー
2557,おお
2557,いいねー
2557,おお、そろそろ！
2558,おおー
2561,おお
2562,いい友人居るなあ
2564,配信がんばれー
2565,おおー
2567,先達としてね
2568,すげぇ
2571,おお、がんばれー
2571,がんばって
2574,おおー
2574,OBS芸って凄いんやな…
2575,そういうパターンでちゃんと実現できるの稀だから頑張って欲しい
2578,第三舞台みたいやなー
2583,がんばって～
2583,いい時代だ
2587,無料ってすごいよね
2593,いつかコラボしたら面白いな
2594,OBS無料なのほんとすごい
2596,無料ってすごいよなぁ
2600,みるちーずで一番OBSできる人
2603,全部一人でやってるのほんとすごいよね
2603,OBS無料なのやばいよね
2606,OBSって結構初期設定大変なんだよな
2610,綺麗にやるとなるとめちゃくちゃ素材使うよね…
2614,早いもんだ
2618,これが無料ってすげー
2625,るかこさんも配信1周年かぁ
2628,もう1年！
2628,そうえばそうか　もうそんなに経つんだ
2632,来月で1年かぁ
2633,早いねぇ
2634,予習するの偉すぎる
2636,すごいなぁ
2636,そっかー
2638,ああマイクラのちょい前か
2642,そのころもみあちは飲んでたんだろうなぁ
2644,そうなんだ
2646,早いねぇ
2647,フォトショも使いこなすの大変
2650,デビューしてからフォトショ覚えたのすごすぎる
2661,シャルもるーちゃんのような素敵な配信画面などができるように頑張りたいです！！
2663,OBSにフォトショにめっちゃ勉強してる
2664,カスタムスタイルシート
2664,へぇー
2664,Cssかあ
2664,ｗｗｗ
2667,略したな？
2668,CSSなんですね
2668,カスケードね
2669,カスケーディングスタイルシート
2669,かすけーど
2669,カスタードスタイルシート
2669,デザインもそうだし独学であれこれ予習してるのすごい
2670,しゃるちゃん
2671,カスタードスタイルシートｗ
2672,シャルちゃん！？
2672,シャルちゃんだ
2674,シャルちゃん！！
2674,WMEで配信してた時はアホ程雑にやってたなぁ…
2675,めちゃくちゃちゃんと準備してるんですね
2675,シャルちゃんｗｗｗ
2676,シャルちゃんだ！
2676,おや島村さん
2676,シャルちゃん！
2676,カスケードスタイルシート
2676,一方その頃の湖南氏は
2677,カスケード
2677,シャルちゃんだ！
2677,ほへー
2677,社長がいる
2678,シャルちゃん
2678,カスケーディングや
2679,シャルちゃん！
2680,シャルちゃんもよう見とる
2680,シャル様！？
2681,シャルちゃん！
2682,シャルさん！
2682,シャルちゃん！
2683,しゃるさんだ
2685,あら！？
2685,シャルちゃん
2686,シャルちゃん！
2686,カスケーディングスタイルシートね
2690,お！シャルちゃん！！
2690,774の古参メンバーがなんか言うとるｗ
2691,シャルさんもよう見とる
2691,シャルさん！
2692,シャルさん！
2693,シャルちゃん～
2693,よう見とる
2693,シャルさんだ！
2694,シャルちゃん！
2697,ロットちゃんや
2700,シャルちゃんだ
2705,社長もよう見とる
2706,シャ、シャルちゃんが見てるぅぅぅ
2707,成長やねー
2708,シャルちゃんやー
2711,シャルちゃん:smiling_face_with_open_hands:
2712,こんシャルです
2716,牛さんのきさらぎ駅TRPGのコメント欄すごかった
2716,一か月前より成長してるってことですよきっと
2717,スタイルシート、なるほど
2719,断捨離グセじゃん
2719,成長ですかね~
2720,サムネもデザインも断捨離していく
2720,サムネ差し替えがんばってねｗ
2722,サムネも全部変えましたしね
2723,それは難儀よ
2723,難儀だなぁ
2724,すごいものができそうだけど無理はせずに
2724,シャルちゃんもこんばんわー
2728,喜びをかくせないようですねｗ
2729,えー！！素敵なのに
2731,勝手にｗ
2731,あれは伝説だったですね
2733,リスが踊りそう
2733,大丈夫？リス踊らない？
2733,変わらないものはそれはそれで落ち着きがある
2734,ｗｗｗｗ
2736,酔っ払いとかリスとかな…
2736,みあち？
2737,動くリスと飲んだくれのおっさん
2737,リス・・・
2737,確かにw
2738,そらそうよｗ
2738,www
2739,草
2739,思い出しちゃった
2739,えw
2739,本当！？めっちゃして欲しい:musical_notes:
2739,あっ
2739,使ってないのかｗ
2739,あらあら
2739,！？
2740,草
2740,ダンシング・リス
2741,あ
2741,かなしい
2741,おいいいいいいいいいいみあちいいいいいい！？！？
2742,うるさいリスとかいそう
2743,そういえばw
2743,ww
2744,えぇ
2744,筋肉さん元気？
2745,ｗｗ
2745,リス......
2745,あら
2745,あっｗ
2746,草
2747,気を落とさないで...
2748,あらｗ
2748,おっとw
2748,"勝手に作るww( ´,_ゝ`)"
2748,激重のリスとか使うからなぁ
2749,動くおっさん
2749,でも猫は使った
2749,プログラマーだけど過去のコードは破り捨てたい
2751,激重じゃないのｗ
2751,重すぎたんじゃなかったっけ？
2752,みあちいいいい！
2752,おかしいなあ、リス躍らせたのになあ
2753,リス･･･
2754,よっぱらいおじさん
2755,あれ使い勝手悪いやろw
2755,あれかｗ
2755,リスが重すぎるのよ
2756,動いててかわいいリス
2756,動くリスをシャルちゃんにもｗ
2756,５冠王の湖南みあさん？
2756,マシンが悲鳴をあげるリス
2758,PCが悲鳴上げるから……
2758,リスはなあｗ
2759,リス…
2761,言い訳を聞きたいね
2763,忘れてそう…ｗ
2765,あれくっそ重いから･･･
2765,いや、冷静に思い出したらリスやん
2766,おじさんも一緒に飲んでてくれたのに
2767,重いんだよなぁｗ
2768,「うーん…なんか違わない？もっといい感じで」
2769,この前、ネコは踊ってたな
2770,激重なアレあったな
2770,お爺さんがビール飲みそう
2773,最近ネコが動いてたよね
2774,動きすぎてうるさかったよね
2776,飲んだくれおじさん大好きなんだけどなぁ
2778,www
2778,草
2779,なげき酒オッサンなつかしい
2779,みあち...
2782,お、おう
2782,リスにパソコンがついてこない
2784,大道具屋みたい
2784,呑み友のおっさん好き　
2791,リスが強すぎたのでは
2792,"みあさん使ってあげてww( ´,_ゝ`)"
2794,おじさん派遣しますから
2805,1コーナーで1時間いきそう
2808,？
2809,どひゃあ
2814,ふつおたで47分....
2815,アーカイブの人に笑われちゃう
2816,ブレーキはない
2821,ふつおた人気すごい
2822,あら・・・
2823,あらあら
2825,ふつおただけで？
2829,あら
2830,あらあら
2831,あら･･･
2832,ふむ
2833,oh…
2836,あらら
2837,あら
2842,おつらい
2844,今の大学大変だものねぇ
2846,苦しいなあ…
2853,寝ろ
2853,わいかな？（M1)
2853,あら
2854,きちぃｗ
2857,マジで大学は出ておけ。退学は説明が大変
2859,変態になろう
2860,悩ましい時代
2861,病院では
2861,辛い
2863,休学にも金かかるんだっけか？
2863,他人と比べると大変よ
2864,今の大学生は大変そうだな
2869,うん
2869,うん
2869,他者は他者
2871,せやな
2872,そうね
2874,休学なら学費かからんし、休学したらいいんよ
2875,うん
2882,中退だけはあかん
2882,逃げるのはやめた方がいい
2883,それはそう
2883,めっちゃ思う。
2883,退学で得るものは無いからね
2884,それね
2885,まず病院
2885,そうよねえ
2885,しがみつけるならしがみいたほうがいいのかもね
2886,まぁそうよね高いし
2888,入学できたなら卒業すべき
2889,大学中退はやめたほうがいい
2889,わかる
2889,そうね
2892,また受験と入学費が必要だしね
2892,なるほど
2892,そうですよねえ
2893,うんうん
2893,休学中の学費は大学によるねえ
2895,改めて入学するの大変だからね
2895,大卒資格は取っておいたほうがいい
2896,それはそう
2898,そうだね
2898,休学した人は周りでたくさん見たねぇ
2899,うんうん
2900,親が許す限り甘えなさいな
2900,うん、やめちゃあかんね
2902,そうですね。自分もそうしました。
2903,そうそう
2905,「テンションが上がるまで」
2907,使える権利は全部使ってけ
2908,学生課へ行きな
2908,道から外れる人間にこの世は優しくないからね
2909,中退しなけりゃ何とかなる
2909,受験は大変だよね
2912,うんうん
2912,それがいい
2913,ワイも休学してる
2914,まあ、そやね
2915,休学申請すれば学費返ってくるんだっけ
2915,中退は絶対にやめたほうがいい
2916,生きてることに価値があるのよ
2920,ギリまで授業休むみたいなやつ
2923,休学して粘ってりゃ周りの関係性もリセットできるべ
2930,自分で起業とかするならいいけど会社は面接で不利
2934,休学は履歴書でも誤魔化せるから！
2935,留年しても社会でたら関係ないしなー
2935,まじで中退すると余計絶望
2939,まじかｗ
2940,３つ！？
2941,たいへん
2943,みっつはすごい
2949,わお
2951,３つ掛け持ち！？
2953,ううむ
2954,ブラック
2955,たしかに！
2956,なるほど
2956,いいのか
2956,3つもしてたら学校大丈夫か・・・
2957,それはそう
2957,それはある
2958,えぇ…
2958,なるほど
2959,それ大事
2959,自分の好きなことをやれ。ただし続けろ。
2959,自分を追い込むスタイル
2959,なるほど
2960,ほうほう
2961,なるほど
2963,あー
2964,それはワーカーホリックなんよ
2964,三つになるといつ寝るのだ……
2964,大学の時余計なこと考えがち
2965,ホントそれ
2965,わかる
2967,全曜日シフト入る奴だ
2968,時間あると悩む
2971,マシーンになるw
2972,仕送り毎月もらってたけど、その通帳は実家にあった、、、届かない、、、
2973,そうね
2976,妄想ばっかしてるの恥ずかしくなってきた
2978,3つ掛け持ちは凄い
2979,３つすごい
2980,余計な事を考えられなくするってのは一つの方法
2980,スケジュール管理大変そう
2981,パワー系解決策で草だけど正論
2982,忙しくするのが1番なの、わかる
2988,真理だわ
2989,３つってすごいなぁ
2990,塾講・コンビニ・新聞配達とか時間管理が必要そう
2990,考えない方がいいことがあるのはわかる
2996,朝！？
2999,なんかわかる………
3000,苦学生みたいな生活
3005,んん？
3005,大学でシャワー？
3006,作業で進むターンと思考で進むターンがありますからね
3007,すげぇ
3007,大学で！？
3008,バイト先での出会いで人生変わるかもしれんしね
3008,分かる
3011,起きれたのかｗ
3011,大学で？！
3012,大学でシャワー浴びられるんだ
3014,バイタリティすごすぎるんよ
3015,とんでもねぇ生活っだ
3016,大学で...シャワーを...！？
3016,大学でシャワーとは
3016,激務だ
3016,水道代ガス代の節約えらい
3019,ええ……
3020,寝てねーな？？？？？
3020,全部同じ曜日！？
3021,倒れるわw
3021,大学使い方w
3021,寝てないｗｗｗ
3022,えぇ....？
3022,きつすぎる
3022,あかんｗ
3023,なんて生活だ
3024,寝てないじゃんか！！
3024,凄い
3025,寝てない......？？？
3026,凄い生活だ
3026,死んじゃう死んじゃう
3026,しんどすぎんか…
3027,いつ寝てたの
3027,寝てない…
3027,アパート解約していいなそれ
3027,大学にふらっと浴びれるシャワーあるのいいなあ
3027,すごい…
3027,修行僧かなにか？
3027,大学で？
3027,大学でシャワーｗ
3028,シャワー浴びに行ってんのかｗ
3029,社畜じゃん…
3029,すごいな...
3030,マネするもんじゃねぇｗ
3030,仕事夜学バイトで大学出たけど余裕やったで
3030,若さゆえの
3030,寝てないｗ
3031,草
3031,体力ありますね
3031,いつ寝てます？
3031,無限ループ？
3031,体育館とかの更衣室の奥のやつ？
3031,なんでそんな生き急いでたん？？？
3032,睡眠がねぇ！
3032,いつ寝てるんですか...
3032,大学は休みの時間になりがち
3033,寝てない・・・だと?
3033,体力あるからこそできる無茶だ
3035,なにそのルーティーンｗ
3035,大学で寝てて草
3038,学校行ってるより仕事してる方が集中できるよw
3038,若いうちしかできんなw
3039,フクロウって寝ないんだー
3041,セルフブラック企業で草
3043,ハードデイズアンドナイトだ
3045,銭湯感覚ｗ
3047,よくいけましたね....
3048,修行だよ
3057,逆にもったいない感
3058,家いる？
3059,すごい……
3064,"るかこさん生きてて良かった………( ´,_ゝ`；)"
3064,大学の体育館のシャワー運動サークルぐらいしか使わなかったからまさか使い人がいるとは
3064,なんてブラック企業的な発想だw
3068,家賃代浮きそう
3070,ショートスリーパー？
3074,食事は学食かまかないか
3076,だよねw
3076,むしろ可能性高い
3077,炊飯器ない生活のルーツが……
3081,忙殺はいいけど発狂するやろw
3084,それは大事
3085,日の光を浴びる
3086,太陽の光をね
3093,お外に出ないと静かに死んでゆくからね…
3093,摩耗というより真っ二つなんよ
3094,そこから外に出る体力w
3096,日に当たると良いらしいですしね
3097,強制じゃないと出ないもんね
3104,バイト大学バイト
3111,履歴書に中退って書くの実際しんどいぞ？起業するってんなら問題ないが
3112,www
3115,るかこを信じろ
3115,お散歩しようぜ
3116,お金稼ぐ喜びも味わえる
3116,う～ん、ちょっと極端化もｗ
3117,人生はしたいこと探す方がいい
3118,スパイって大変だなぁ
3120,わしらですか
3120,ブラックバイトに転じそう
3121,学生で重役出勤してたのに大学とのギャップやば過ぎんよ
3122,それも一つの選択肢ではありそう
3123,コメント欄の信じるるかこさんを信じろ
3124,お散歩しようぜ
3124,こっち投げてきたｗ
3127,まずは毎日昼間に散歩くらいから始めようぜ…ｗ
3127,日光は大事。夜起きてると余計なこと考える
3128,※一部の超人の意見です
3134,うんうん
3137,ストイック過ぎるけど良いアドバイスな気が
3141,信頼と実績のるかこメンタルクリニック
3142,競うな　持ち味を活かせ
3143,うんうん
3143,家から出る機会作るのは大事
3150,そうそう！
3153,精神衛生って大事よね
3153,周りを見上げるとキリがないからね
3155,大事
3159,こなして生きるの大事
3159,7つの人類悪の一つ、比較の獣
3159,そうだ
3160,いいねえ！
3161,やだかっこいい
3161,うんうん
3161,自分が一番よ
3162,るかこさんの素性聞けば聞くほど謎に満ちてる
3163,世界の方が間違ってるから
3164,そうありたいものだ
3164,夜晩の方が時給高いから夜派
3166,いいね
3166,忙殺生活が長いと暇になったときに困る
3167,大事なこと
3167,マイメロ思い出したw
3169,ポジティブシンクは大事
3169,天上天下唯我独尊まじ最強
3172,自分が一番最優先ですよね
3173,精神衛生超大事
3174,夜勤は体壊す
3174,いいねぇ
3177,夜勤は稼げる
3177,できないことはできる人に全部回せばいいのだ
3177,なるほど
3178,私悪くない　周りが全部悪い。
3178,睡眠と食事は規則的にしないとね
3179,生きてるだけで推しの同接1になれるからな
3182,夜は寝る
3183,そうしたい気はあっても気づいたら比較してるんよね
3183,夜勤は命削ってる感ある
3184,深夜って興奮するじゃんｗ
3185,さすがにねｗｗ
3186,金をためて田舎に一人旅だ
3193,こんばんは
3193,1時間のふつおた
3202,豚の心臓ェ・・・
3206,強迫観念に飲まれないよう
3212,www
3214,わかる
3214,ｗｗｗ
3214,草
3214,草
3215,わかる...
3215,草
3216,ｗｗ
3216,まだコラボは見てないようだ
3216,草
3216,草
3216,草
3216,ww
3216,草
3217,www
3217,草
3217,ｗｗ
3218,www
3219,いつもの
3219,ｗｗｗ
3220,草
3220,ｗｗ
3220,草
3221,わかる
3222,草
3223,草
3226,草
3228,めっちゃ役立ってるｗ
3229,るかこ時計
3230,時計見ない回やろうず
3230,独特な時報で草
3234,今どのくらい時間が経ったかを見られてないのがるかこさん
3239,草
3242,梟時計
3244,便利なタイマー
3251,おおｗ
3251,おお
3253,おお、いいですね
3254,おめでとう！
3254,よかったねぇ
3255,読まれてんでええ
3255,もう塩味よ
3256,よかったね
3256,おお
3258,いいおたよりだ
3258,未来で待ってる
3258,おおー
3260,おめでとう
3260,めでたい
3262,すばらしい
3262,おめでとう！
3262,あと19
3263,おめでたいわ
3266,よかったね
3266,おめでとう
3266,感動的
3267,しょっぱくなってそう
3267,おめでとう
3268,おめでとう
3268,おめでとう！
3269,良かったねぇ
3272,時を超えて届くわけですね
3272,めちゃめちゃいいお便りだ
3272,Congrats
3272,よかったね
3273,再来週ぐらいに気づくんだろうな
3276,感無量ですね
3277,おめでとう
3277,おめでとう
3278,おめでとー！
3278,おめでとう！
3280,いいわねぇ
3280,おめでと
3280,すぐいく
3281,かっけぇ
3282,同じ時間で裏ラジを見る時まってますよ
3283,なんか素敵ですね
3285,いいお便りだあ‥‥
3298,同日ｗ
3298,律儀だ
3298,おめでとうございます
3304,基本私もアーカイブ勢だからわかる
3306,ﾎｰｳ
3306,おめでとう！
3307,胡散臭い
3309,おめでとうございます！
3309,うさんくさいやつ
3310,うさんくさいのきた
3310,うさんくさくなってきた
3312,うさんくさいさんこんばんは
3313,胡散臭いBGMだ！！
3313,おめでとうございます
3314,おめでとうございます。
3314,:owl:
3315,おめでとうございます～
3316,よしタイムキープできてるな
3317,これ二時間コースなのでは…
3318,うさんくさいBGM
3319,おめでとうございます！
3319,お水えらい
3320,うさんくさい！
3320,胡散臭くなってきた
3322,うさんくさいのすき
3322,これすき
3322,胡散臭いのきましたね
3322,親の声より聞いた胡散臭さ
3323,うさんくさい
3324,おだいじに
3325,おめでとうございます！
3325,それはいつも
3327,もちもちって言ってー！
3329,呂律？
3331,そう？
3331,そんなに気になりませんよ
3331,うさんくさいBGMこんばんは
3332,今日乾燥してるしね
3332,せやろか
3333,お大事に
3334,まさか脳が……！
3335,胡散の臭いがぷんぷんする
3335,滑舌いつもよりもちもちしてる
3336,かつぜちゅ
3337,そうかな？
3337,可愛いですよ
3337,試しにま行言っとく？
3338,そう？
3340,確かに普段より甘々
3340,そうかな？
3340,もちもちしてる？
3341,気にならないけど？
3341,お大事に･･･
3341,かつれつ？
3343,カツレツ？
3343,全然気にならなかったけど
3344,こんなもんじゃ？
3344,そう？
3344,かつれつに聞こえるー
3344,気にならんよ？
3346,いつもと変わらないかな
3347,もちもちって言ってみて？
3347,まみむめもで判断しないと
3348,かわいいのでよし
3349,気にはならないね
3349,もちもち言えます？
3353,もぉちもぉち
3355,寒いから舌が回らないのかも？
3356,加湿器に水入れてる？
3360,ぷいぷいモルカーと言ってみればわかる
3361,60%!?
3363,おもちもちもちでテストしないと
3363,（カツレツください）
3364,お腹すいてるんじゃ？
3365,自覚してるならまあいいか
3365,ちょっとまみむめもで判別しましょうか
3368,可愛らしいからいいんですぜ
3369,カツレツ食べたくなってきた
3372,カツレツ
3372,それはもうカツレツなのでは？
3373,気にしだしたら余計酷くなるやーつ
3374,湿度計置いてる場所が悪い可能性
3375,なれよなれ
3376,まあカツレツの話してましたし？
3378,飯テロですか！？
3379,そうねぇ
3381,カツレツキッカ・・・？
3382,カツレツすごい
3385,草
3386,おなかすいた
3391,シャンティは口回ってたから
3394,カツレツ・・・
3396,深夜にカツレツは罪重すぎぃ
3399,サムネの猫ちゃん可愛い
3400,けどそういう拘りも大事だと思う
3405,カツレツ1切れくらいかな
3407,この時間にカツか
3431,真面目だ
3439,そうなんかー！
3439,草
3443,有益情報だ
3445,草
3445,まっじで
3445,そうねｗ
3446,草
3446,草
3447,嗚呼...w
3448,もっきりのことか
3448,草
3448,あるある
3448,これマジで先輩と飲んでて恥かいたんで
3449,草
3449,草
3449,いっぱいになるようにするんでしたっけ？
3450,草
3450,そうなの？！
3452,かわいい
3453,かわいい
3453,ww
3454,？
3454,桝で出てくるやつ困るよね
3454,草
3455,草
3457,あー
3459,枡にあふれるほど注いでくるやつかな
3461,升の中にグラス入れてくれる奴ね
3465,升酒ねｗ
3466,そうだね
3467,升にのせるやつね
3468,あーｗｗ
3469,桝にね
3470,マスのやつですね
3470,はいはいｗ
3471,あああれかあｗ
3472,もっきりだっけ
3473,飲みにくいんだよなあ
3474,謎文化
3474,あー升のやつかなるほど
3476,あーあるある
3477,あー
3477,あー桝かｗ
3479,皿の上とかにコップ置くやつね
3480,あれ風情があっていいよね
3481,マスのやつか
3482,そうねｗ
3484,なにやってるの！？ってなる
3486,なるなる
3486,びっくりしますよね
3488,見てないの？w
3490,こいつ溢してる！！！ってなりそう
3491,あ、ちょっとちょっと
3491,！？ ってなりましたねぇｗ
3491,あれ枡の中のやつは飲んでいいの？
3493,どっちから飲むのか迷ったやつ
3496,ガン見しつつ零すからなｗ
3496,「仕様です」
3496,おいおいあふれとるやんけ　と思う
3497,かわいいですね
3497,初めて見たときはびっくりした
3498,かわいい
3499,いい人だねー
3499,確かにびっくりする
3501,過去の自分に教えてください
3502,升酒はねw
3504,飲みづらいのでと断ることも一応可能
3506,赤面しちゃうよぉ
3508,親が酒飲みじゃなけりゃ知らんかも
3511,のんでOK
3511,飲むよー
3513,飲んでる
3513,飲んでいいらしい
3514,飲むのむ
3514,お通し
3514,１合グラスねぇ
3515,中も飲みますね
3515,飲むよ
3516,飲んで良いですね
3516,マスの中のは飲みますね
3516,飲むものよ
3516,マスの中も飲む
3517,普通にコップに移して飲むよ
3517,飲むよw
3517,初見殺しよねこれ
3518,こぼしつつ飲むよ
3518,飲む
3518,飲むでしょ
3518,飲まない選択肢はないww
3518,飲んでいいよ
3519,飲むでしょ
3519,マスの分はオマケです
3519,全部飲んでｗｗ
3519,呑むね
3519,マスの中も飲みますね
3520,飲むが
3520,グラスに戻していいんだっけ？
3520,飲みますね
3522,飲んでるよ
3522,仕様ってネタバレしないで欲しい
3523,飲むでしょ
3523,コップに入れ直して飲んでる……と思う
3525,みあちは飲んでそう
3525,なんなら升いっぱいまで入れてくれない？
3525,グラスを飲み干したらそこに入れて飲む
3526,全部飲むに決まっておろうよ
3527,升から飲むんですよ。
3528,呑みます
3531,飲む
3532,飲んでいいよ( ´꒳` )
3534,どっちでもOKなはず
3537,飲むよ。
3537,カニ食べた後のジャスミンティを飲んじゃうようなもんだね
3538,アドとってんじゃん
3539,お得じゃん！！
3541,お得感
3543,ですね
3544,お通し　も知らんかったわ
3545,おまけ（料金に含まれる）
3545,マスの隅から飲むの好き
3546,グラスのサイズ違うからｗ
3547,www
3547,回転すしのこぼれイクラみたいなもんやね
3547,酒屋の太っ腹感を出すためらしい
3547,ビールこぼしてもらうか
3548,ビールああやって飲みたいかなぁ
3548,みあちは速効飲みそうw
3549,マスの分も料金含んでるでしょ
3550,実はしてるんだよ　零してるだけで
3552,ビールだと少ないやんｗ
3552,烏龍茶もおまけして欲しい
3552,草
3552,飲みますね
3552,おまけ無いところもあったりしますよね
3552,お得ってコト...！？
3553,確かに
3553,え？むしろ升に移して飲んでたわ
3554,ビールは単価が高いから･･･
3554,飲まない人間も普通に割り勘してるんだぞｗ
3554,ビールのあわこぼすところもあるよ
3555,ｗ
3556,草
3557,ビールも升にこぼして注ぎますか
3558,ビール瓶も表記よりオマケされてる
3558,ワイングラスも升にいれるか
3558,升の香りがまた一興
3561,マスでビール飲んでみたいね
3562,ビールこぼされるの想像したら草
3563,助かるー
3568,瓶ビールで自分でやるのがいいか...w
3576,二郎系ラーメンの丼もマスに入れてほしいよね
3578,ビールでやるの想像したら笑える
3579,ビール飲みたくなってきた……
3583,最高の漫画
3587,あったねそんな漫画
3589,ん？
3591,その漫画面白い
3592,ｗｗｗｗ
3595,拷問焼きｗ
3597,ほう
3597,ほうほう
3598,こわぁ？
3599,ほほう
3599,あったなー
3600,最近どっかで紹介されてたな
3601,ほー
3601,この漫画るかこさん好きだと思う
3601,こわい
3602,へー面白そう
3604,ほう
3611,美食…
3611,草
3611,二次元を補給しすぎて、この世の人間すべてが美少女に見えるやつ
3619,ほう
3620,へぇー
3621,面白そう
3621,ほう
3624,自分が女の子に見える精神異常
3626,拷問焼きの語感が強い
3628,面白そう
3629,そんな漫画あったのか
3629,マジであんの…
3631,火薬がスパイスか
3631,Twitterで呼んだことあるな
3634,Twitterで流れてきたの読んだけど面白かったですね
3640,面白そうだなあ
3640,角川のComic walkerで連載中！
3643,初めてきいた
3643,漫画です
3651,バ美肉っぽい？
3657,女の子(30代男性)
3660,だから福岡のめしはうまいのか？
3660,女の子（実際は男性）
3663,良さそうっ
3663,面白そう
3666,イタリアンビーフ（パンで挟む牛丼）
3667,今日Twitterでみたな
3668,面白そう
3673,西成の飯屋がうまいみたいな話？
3673,おもしろそう
3678,裏ラジ終わったら読もう
3683,「紛争でしたら八田まで」もいいですよ
3685,クレイジージャーニーの
3689,ほうほう
3697,足立区はグルメ区ってこと？
3699,あっ
3701,実話誌で見た名前
3701,今来た助かる
3701,うんうん
3704,へー
3707,やってましたね
3708,ほう
3710,クレイジージャーニーなあ
3711,クレイジージャーニー面白かったよなぁ
3717,マンホールに住んでるのビックリしたなあ
3717,日本で良かった
3719,あれ凄かったなぁ
3723,正直あれは続けてほしかった
3728,海外ロケ行けないしなー
3729,理由はね…
3729,ホント面白かったですよね……勿体ない
3730,残念
3731,面白かったねぇ
3732,面白かったねえ…
3733,理由はそれ以上いけない
3734,クレイジージャーニーは本当に面白い、DVD全部揃える価値がすごくあるぐらい
3734,あれ面白かったのに....
3735,唯一見てたテレビ番組
3737,ふつうに命の危険がありそう
3738,ヤラセ問題で打ち切りになったんだっけ？
3741,あってる
3741,足立区で合ってる
3741,スタッフがちょっとクレイジーだったんだよなぁ
3742,あってる
3745,そうだったはず
3745,海外行けなくなったから・・・
3747,足立区やで
3752,足立ック天国もいいぞ
3754,今もすんでるのかな？
3756,大将首だ！
3756,綾瀬のあたりは治安やばそう
3760,足立はしゃーない
3761,足立区の方ごめんなさい
3780,足立区の日常
3781,まぁちょまぁちょ
3792,たしかにｗ
3792,おつかれさまですｗ
3800,ほお
3802,へー
3803,ほうほう
3803,へー
3805,へー
3805,そうなんだ
3806,ほう
3807,へー
3807,そんなのがあるのか
3807,へぇ
3811,へ〜
3811,へ～
3812,へー
3814,仙台へ応援！
3814,へえ、面白い話だ
3815,へー
3815,すげー
3815,千台ってこと？
3815,へぇ～
3816,へー
3818,ヨドかな…
3820,草
3820,へぇー
3821,へー
3823,そうなのか
3823,ええの？ｗ
3825,仙台だけなんだ
3826,ほう
3826,合法的に？
3827,仙台ヨドバシめちゃ並んでるよね
3827,マジで
3828,な、なんだってー
3831,すごい
3831,アウトでは？
3832,治外法権なの？
3832,ほえー
3832,るかこさんの髪揺れすき
3833,すごいなぁ
3834,治外法権でもあるのか？
3834,住んでた時期あるけど知らなかったわｗ
3834,一応合法なんだよね
3835,法律違反はあかんだろ
3837,へええ　言っていいのか？
3837,すごそう
3837,仙台の初売り有名だよね
3838,治　外　法　権
3838,どゆこと
3839,コンビニかー
3840,へー
3843,へー
3845,おもしろいな
3846,草
3846,www
3847,ｗｗｗｗｗｗ
3849,www
3849,仙台の初売りは有名ですからねぇ
3851,ｗｗ
3851,草
3851,うちの地元も同じ感じに初売り盛り上がるな
3852,ｗｗｗ
3852,日本じゃないのかもしれない
3852,草
3852,ｗｗｗｗ
3853,まじか…
3853,ｗｗ
3853,仙台国
3854,治外法権は草
3855,www
3855,治外法権w
3856,独立国家？
3856,吉良吉影もいるし
3856,それで仙台が正月によく話題になるのか
3857,PS5死ぬほど入荷してたよねw
3858,仙台すごｗ
3858,治外法権てｗ
3859,仙台も美味いもんあるからなー
3859,初売りだけ独立してんのかｗ
3859,仙台は自治が認めれてるのか
3859,仙台国や
3860,草
3860,伊達の都ってやつか
3861,九龍ですかあ
3862,仙台だからね
3863,独立してた？
3863,仙台自治区だったかー
3864,仙台国
3864,"大丈夫か！？ww( ´,_ゝ`)"
3865,伊達政宗こっわ
3870,行ってみたいな
3870,仙台ってすげぇ
3872,経済特区仙台
3873,独立国家なんやろなあ
3874,下手を打つとずんだを飲まされそう
3880,本当に特例扱いされとるやん
3883,エンドーチェーンの天むすしか食ってなかったぞ
3884,ほう
3885,興味深いな
3885,慰安旅行かな
3887,バニーｗ
3888,いいなあ
3889,いいなー
3889,え！？
3889,いい思い出
3889,おかしくないかw
3889,おいおいｗｗｗ
3891,あらぁ
3891,母浦さん濃いなぁ
3892,バンニー
3892,治外法権は結構ある
3892,バニーガール良いよね
3892,家族で！？
3893,バニーさんｗ
3893,エスカイヤ？
3893,草
3893,ホントに公取から認められてるんですねこれ
3893,なんてな！？
3894,凄い思い出だなぁｗ
3894,仙台の思い出がバニーｗｗ
3894,どうして？？？
3895,仙台は牛タンとバニー
3897,草
3898,国分町かな？
3899,いいのかw
3899,ええ…
3899,凄い経験してて草
3900,びっくりしすぎてマウス落としたわ
3900,ええなぁ
3900,いいなあ
3903,仙台で行ったんだw
3903,治外法権かはわからないですが、初売り発祥の地なのでそうかも
3903,子供をどこに連れてってんだよ！
3904,バニーはみんな好きです
3906,子連れで行くなよｗｗｗ
3906,そんなお店あるのwドラクエでしか見たことないがｗ
3906,ウサギみちゃったか~
3907,人生初バニー（とは）
3907,JKも見てるんだぞ
3909,牛タンとバニーの街
3911,バニーさんのいる店？
3913,森薫先生のバニー漫画いいですよね～
3914,バニーさん見たことないや
3914,１７歳も見とるんやぞ
3914,近代法は各地域の慣習法をバランスをとったものだから、例外的な扱いがいくつかあるよね
3916,逆バニー嫌いそう
3917,実物見たことないな
3919,バドガール的な？
3920,国分町かもなあ…w
3921,ばにまーれ！
3922,へぇー
3922,新衣装決まったな
3923,バニーのどういうところが好きなの
3925,ｗｗｗｗ
3927,小学生？！！！？
3929,怖くて行けないそういう店
3929,へぇー
3930,ｗｗｗ
3932,むしろ上品さを感じる
3933,バニーは夢
3935,小学生で初バニーは英才教育ｗ
3935,バニーガールは網タイツにかぎるよな
3935,それは大人が怒られた方が良いと思うｗｗ
3936,JSで会ってるからセーフかあ
3937,社長さん、小学生を連れて行きなさんなｗ
3940,ほうほう
3941,すすきのいったときバニーさんのバー見たことある
3942,そいつは凄いな
3944,草
3946,英才教育を受けている
3946,小学生をバニーさんがいる店に連れてけるってことはやっぱ仙台って治外法権なんじゃね
3949,たしかに着こなしてたらかっこいいかもしれん
3949,ススキノ…
3950,草
3952,ｗｗｗｗ
3952,ｗｗｗｗ
3952,ススキノw
3952,草
3953,ろくでもないなw
3953,そりゃ子供いたらねえ
3953,すすきのか～
3954,バニーさん見たことないや...
3954,セカンドもあるのか
3955,草
3956,まだあったことない
3956,かっこいいよね　バニーガール
3957,セカンドバニー体験というパワーワード
3957,おっさん出てきてる
3957,おっと〜w
3958,なんでもいいんじゃないか！！ｗｗ
3959,今のバニーもピアノ線でカップ吊ってるのかなぁ
3960,2ndバニー体験
3960,まだバニーデビューしてない
3960,バニーをいやらしいと思う大人の心が汚れてるんや...
3962,寒そう
3963,つよい
3965,ススキノかぁ
3966,ｗｗ
3966,すすきの…
3967,バチバチのバニーやないかい！
3967,札幌のすすきのｗｗｗｗｗｗｗｗ
3968,"連れていくなw( ´,_ゝ`)"
3969,外に！？
3969,えぐ
3970,つよ
3971,やばｗｗ
3972,道産子強い
3972,プロだなあ
3973,北国の人は寒さに強いんだなぁ
3973,札幌でそれはすごいな
3973,すげえｗ
3973,強い
3974,プロはすごい
3974,たくましいなあ
3976,札幌ススキノかぁ…
3977,すすきの行ってみたいなあ
3978,道民耐性
3984,すごい
3985,秋葉原の路上にもいたな
3987,なるほどなー
3987,たくましいバニーだな
3987,まあ北海道人は真冬でもノースリーブで歩いてたし
3987,と、ここでるかこさんのバニー衣装も
3990,札幌のバニーさんすご
3990,ドラゴンボールでもでてるから
3990,るかこさんもカジノ潜入でバニーとか着てそう
3993,無敵の理屈きたな
3993,そうかなぁ
3994,バニーは神聖なもの
3994,札幌のすすきのはもうそういうことでしょ
3995,汚れててもいい
3995,エロいより寒そうって思ってしまう
3996,ススキノは・・・
3996,すごいなぁ
3999,哲学かな？
4003,穢れちまった心…
4006,ウサギがいやらしいわけじゃないしな
4009,嘘だと言ってよバーニィ
4011,そうなのｗ
4011,札幌行ったときに現地民にバニーの店連れてかれたな
4012,それはそうだ
4012,なんぼあってもいいですからね
4013,なんぼあってもいいですからねみたいな言い方
4015,バックスバニーがいる店なら行きたい
4017,それはそう
4018,ｗｗ
4019,ミルクボーイかな
4021,なんぼあってもうれしいですからね
4022,バニーなんてなんぼあってもいいですからね
4023,そうだろうねｗ
4023,www
4024,チップ挟みたい
4025,太ももいいよね
4025,www
4026,わい新年会でバニー着たことあるからいつでも見せたるで
4026,駄目だぞw
4029,せやの…
4030,正気に戻った！
4031,やっぱり汚れてるじゃないか！！
4031,急に我に返った
4032,道民の冷感耐性すごいな
4032,女子高生の存在が自重を促してくる…
4034,PB
4035,あー
4035,戻ってなかった！！
4035,ありますね
4036,うんうん
4036,そうね
4037,雑誌だね
4038,ウサギの性欲
4042,アメリカの雑誌かな
4044,話変えてなくて草
4048,カタカナじゃないほうの雑誌ですね
4048,るかこさんのバニーが見れるチャンネルはこちらですか？？
4050,やめようとは
4050,雑誌ね
4052,巨乳バニーもスレンダーバニーも全部良い
4052,あれは綺麗よね
4052,月刊
4053,プレイメイトだね
4055,今来ました（何の話……？）
4057,生殖www
4059,みあちじゃん
4059,17歳！観てる！
4062,らしいねぇ
4064,人と一緒か
4066,聞いたことある
4066,本当です
4066,そうなの？
4067,多産の象徴とは言うな
4067,想像妊娠するケモノ、兎
4068,本当です
4069,人間も一年中発情期なんじゃなかったっけ
4070,うさぎ・・・
4070,FGOのせいでヒュー・ヘフナーを覚えてしまった
4072,バニーの耳が好きなの？お尻が好きなの？
4072,多産だからじゃなかったっけ？
4073,ww
4074,ねるちゃん・・・ちろ先・・・
4078,そこまでバニー好きならバニー部に入部するしかない
4080,発情期のないのが
4090,あっ
4091,やめいww
4092,草
4093,名前よｗ
4094,そうなんだ。
4094,草
4095,ねるちゃん…
4095,ww
4095,草
4098,草
4099,草
4099,草
4099,知らない挨拶
4099,そんな設定あったのか
4099,それなら人間をモチーフにしてるスタバも同種か
4099,コンモッツォ！
4100,ひよクロがきたやろがい！
4100,草
4100,名前草
4100,こんモッツォ！
4101,設定...w
4102,草
4102,草
4102,PNで殴るスタイル
4103,こんもっつぉ！（？）
4103,こんもっつぉ！
4103,バニーからモッツォまで
4104,もっつぉ
4104,コンモッツォｗ
4104,こんモッツォ！
4106,こんモッツォー
4106,そんな設定あったんだ
4107,こんモッツォ？
4107,こんモッツォ
4108,その設定は荼毘に付したよ
4108,草
4109,異世界設定あったねｗ
4109,こんモッツォ？w
4109,こんもっつぉｗｗ
4110,どこへいったのか
4110,こ　ん　モ　ッ　ツ　ォ
4110,設定は添えるだけ
4111,あいさつの癖ぇ！
4112,どこに行ったんだろう…
4113,発情期がないだけで年中発情期ではないのよね
4113,こんモッツオ！
4113,コンモッツォ！
4114,こんモッツォ！
4115,名前もあいさつもクセが強い
4118,こんモッツォ！
4124,ｺﾝﾓｯﾂｫ
4124,こんモッツォ
4128,マリモッツォ？
4129,それでひよクロが赤羽に！
4129,こんモッツォ
4129,セイレーンか
4131,こわ
4131,セイレーン
4132,こんモッツォ！
4132,セイレーンか･･･
4132,赤い雨が降って
4132,セイレーン
4132,セイレーンのはなしか
4134,SIREN？
4136,セイレーンなの？
4136,セイレーンがモチーフなんだ
4139,セイレーン
4143,お詳しい
4144,こんモッツォ
4144,サイレンの魔女
4144,怖
4146,なんでそれをロゴに使ったんだろうね
4146,歌声でひきづりこむやつだっけ
4150,俺ら引きずり込まれてんのか
4151,へぇ、セイレーン
4155,リヴァイサンとレヴィアタンみたいな
4159,だじゃれやん
4159,でた
4160,出たなゾンビーバー
4160,ビーバー....
4161,あの映画紹介すんの！？
4162,ｗｗｗｗｗｗ
4164,すごw
4164,タイトルのB級感すごいな
4165,なんでもゾンビになるなぁ
4168,ゾンビーバー面白かったわ
4168,ビーバーにも襲われたことないのに
4168,聞いたことあるな
4170,まじ面白いやつじゃん
4170,ゾンビーバー酷すぎてよかった
4171,すきだわ
4172,ぱぺっと
4172,もちろん
4173,？？？
4174,？？？
4174,ゾンビとサメはなんにでもあう
4175,は？
4176,？？？
4176,なにがもちろんなんだよｗｗｗ
4176,あの映画やばかった
4177,もちろん(みなさんご存知)
4177,あの有名なゾンビーバー
4177,ゾンビーバー短くてサクッと見れるのもイイ
4177,通常とは
4178,獅子王の守備範囲やんか
4178,これは……におうな……
4180,？？
4183,水着美女w
4183,草
4184,すげぇｗ
4185,ええ・・・www
4185,ゾンビーバーになるのかよ
4186,マジでかｗ
4189,うそぉｗ
4191,ハングオーバーのスタッフだっけ
4193,かわいい
4194,かわいい
4195,可愛い
4195,みたいｗｗｗ
4196,草
4196,草
4197,？？
4197,草
4197,なにそれかわいい
4197,草
4197,かわいいｗｗ
4198,かわいい
4198,かわいい
4200,どういう理屈なのｗ
4200,ちょっと気になる
4202,かわいい
4204,かわいいw
4204,紅の豚でしたね
4206,あってますよ
4206,あってる
4207,想像だけでもうかわいいw
4208,そうだよ
4210,マジか！見たかった
4211,紅の豚だね
4211,かわいい
4212,豚野郎だったよ
4213,情報源Twitter
4215,ああ、ツイッターで騒いでたのはそれか
4218,かわいい
4219,かわいいｗ
4221,いいなｗ
4226,ww
4229,かわいいｗ
4232,そういうのも併せて好きなんでしょうね
4239,あたち見てそうだな
4240,ソファ？
4241,あったね
4243,映画紹介シリーズゆるくて好き
4243,キラーソファねｗ
4244,ゾンビひつじも紹介したしね
4246,あたちが紹介するには可愛すぎる気がする
4246,獅子王が紹介するにはちょっと有名かも
4247,椅子と羊は紹介してましたね……
4253,キラーソファーかw
4254,人間ところてんも紹介してたなぁｗ
4256,あの紹介シリーズ好き
4260,クリスちゃんの動画好き
4263,ゾンビひつじやったからビーバーどうですかね？
4264,スターバース
4265,かわいいのは紹介するのかな
4265,ブラックシープは日本人がこっそり出演している
4266,キラーシリーズ好き
4266,スターバースねｗ
4267,スタートレックｗｗ
4267,ゾンビーバーなぁw
4269,スタートレックｗ
4270,づみさん…
4270,スターバースね
4270,ゾンビーバーはまだ上等なほうだからなぁ
4277,アルセウス？
4277,おお
4278,クリス曰く「そこそこつまらない」みたいなのが重要らしい
4281,ゾンビーバーとポケモンの話を繋げないで
4282,ビーダル
4283,ビーダル
4284,ビーダル
4286,ビーダル！
4286,ビーダル
4287,最近のポケモン宇宙なの
4288,ビーダル
4288,ビーダル
4289,買えるんですね　品薄なのかと思ってた
4289,ビーダル
4290,づみちゃん！？
4291,ビーダル
4291,ビーダル
4291,スタートレックちゃうやん
4294,ビーデルはドラゴンボールですね…
4294,ビーデルさん！？
4294,ビーダルかわいいよね
4295,VIPPER?
4295,ビーダルねw
4297,ビーデルはドラゴンボールなのよ
4297,w
4299,ビーデルは舞空術
4300,ビーダル
4301,ドラゴンボールまで出てきたｗ
4302,似てるは草
4302,草
4303,ビーデルさんは悟飯ちゃんの嫁
4303,ドラゴンボールやんか
4304,訂正なう
4304,あのチョウチョマスクのやつね
4304,孫くん？
4304,ビーデルさんではない
4306,www
4307,なう！
4308,ビッパはづみさんの同胞
4308,あのモチモチした
4308,ビーデルはドラゴンボールwww
4312,草
4315,丸々としてますよね
4316,ごはんくぅ～ん
4318,ひだる神みたいな響きで
4322,スターバース売ってないんですよね～
4326,人気だなぁ
4327,なう
4331,変な遠慮ｗｗｗ
4334,人気なんだ
4337,なるほど
4337,やさしい
4339,見たら買え
4339,草
4341,ラス1残しちゃうの分かる　唐揚げとか
4342,ゾンビーバー検索したら思ったよりかわいくないな
4343,普通に買えたのは運がいい。量販店とか開店待ち行列出来てたし…
4344,やさしい
4344,1パック残したｗ
4344,ギリギリのラインで草
4344,謎の遠慮
4344,やさしい
4345,ポケカ、ずっと品薄だね……
4345,優しい
4345,草
4347,ポケカあっても遊ぶ友達がいません
4349,落ち着いてきたってきく
4349,子供たちのために買占めは控えよう
4354,ささやかなやさしさに乾杯
4356,"わかる～( ´,_ゝ`)"
4356,関東の一つ残し
4360,在庫1個ｗ
4360,居酒屋チョイ残し理論
4360,1つだけ残すのね
4363,大皿のから揚げみたいな
4364,1パックだけ残ってるって言われて喜ぶ人もいたかもしれないな……
4365,せめてもの慈悲
4369,遠慮の塊だなぁ
4369,１パック残し
4378,ポケセンいけばわりと買える
4379,ホビー系狙われ過ぎだと思う
4384,草
4384,中々打ってないよね
4387,いそのー！
4391,いそのぉぉ
4392,ペットボトルの水最後ちょっとだけ残すみたいな
4392,磯野ー
4393,かわいい
4393,いそのー
4393,いいね
4393,www
4394,その１パックで助かる命があったかもしれない
4394,特殊なルールを考えて遊びたい
4396,メガネだし
4396,いそのー！
4396,づみちゃん大喜びよ
4397,づみちゃんも本望だろう…
4397,絶対喜んでくれる
4401,イソノー
4404,中島ー野球しようぜー
4406,野球やるノリで
4406,いづみさんもデッキはあまり組まないんでしたっけ
4407,ゆのはらー！
4409,づみママ大喜びで空き地に来そう
4410,泣いて喜んでくれそう
4413,バトルしようぜ！
4413,公園でw
4415,俺らが手に入れてもプレゼント出来ないしね～
4415,お前カードな！？
4418,名前よｗ
4419,お名前がｗｗ
4420,小学生の誘い方ｗ
4423,元気出して
4423,ラジオネームよ
4425,草
4425,ラジオネーム凄いｗ
4427,草
4428,声に出して読みたい
4429,たすかる
4432,ww
4432,ボールなー（生首）
4432,名前ｗ
4436,草
4438,これ絶対罵ってほしいやつでしょ
4438,何て？
4440,合法的にVtuberにののしってもらえる
4441,草
4442,草
4443,豪快だ
4444,草
4445,あれオリハルコンでできてるんじゃ
4446,ww
4447,やめろぉ！
4447,草
4448,草
4449,タリバンよりやべえ
4450,恐れ多すぎるｗｗ
4450,やめいｗｗｗ
4452,その企画普通に見たい
4452,豪快だな
4453,刺激的すぎる
4453,悪魔も見てます
4454,www
4455,草
4455,こわい
4456,草
4456,草
4456,草
4459,面白そうｗｗｗ
4463,清水寺かな！
4463,ピサの斜塔
4464,パルテノン神殿は卒業したあと戻ってくるから…
4465,草
4465,草
4466,ピサの斜塔でジェンガしたい
4466,草
4471,斜塔とか？
4472,自由の女神像
4473,サグラダファミリア
4473,エッフェル塔
4473,サクラダファミリア
4474,ベルリンの壁かなー
4474,サクラダファミリアかな？
4475,ストーンヘッジの位置をずらしたい
4475,10も選ぶのかｗ
4476,ピサの斜塔押したい
4476,斜塔倒したいなぁ
4477,コロッセオとかかかな
4478,サクラダファミリア
4478,世界遺産かしらんけど
4480,ストーンヘッジ
4480,桂林壊したい
4482,清水の舞台は怪獣にちょくちょく壊される
4482,ネクロノミコンw
4482,ピサの斜塔，完全に倒してみた
4483,サクラダファミリアかな
4483,ピサの斜塔倒して〜
4483,ナスカの地上絵かな
4484,モン・サン・ミッシェルへ続く道を整備したい
4485,"ピラミッド？( ´,_ゝ`)"
4485,モンサンミッシェル？
4486,ストーンヘンジ
4488,ピサの斜塔を倒したいかな
4488,あーピサの斜塔は見ててイライラするから倒したい
4488,モンサンミッシェル
4489,モンサンミッシェル
4489,モンサンミッシェル
4490,難で魔術書出てきた？
4490,モンサンミッシェル
4490,モンサンミッシェル？
4490,サクラダファミリアまだできてないのに壊すのかｗ
4493,マンサンミッシェルか
4493,ナスカの地上絵踏み荒らしてみたい
4494,モンサンミッシェル
4494,モンサンミッシェル
4495,モンサンミッシェル
4495,モンサンミッシェル
4496,モンサンミッシェル
4496,なんで魔道書
4497,完成前にサクラダファミリア壊してみたいｗ
4498,モンサンミッシェル？
4499,フォンなんちゃら
4500,金閣寺を落書きだらけにしたいです
4500,www
4501,モンサンミッシェルか
4502,ネクロノミコン！？
4503,www
4503,がんばれｗ
4504,コメント見ないでw
4504,見ちゃったかぁｗ
4507,ｗｗ
4508,なるほど
4508,草
4509,シナプスつなぎ失敗
4509,ピサの斜塔倒したいね
4509,草
4510,サグラダ・ファミリア壊してぇ
4510,ネクロノミコンは草
4510,ピサの斜塔で棒倒しやりたい
4511,モンサンミッシェルヤネ
4511,正直でよろしいwww
4512,あれは修道院でしょw
4513,シナプスがんばれよー
4513,ピサの斜塔とか倒したい
4514,ww
4516,ネクロノミコン　
4516,ピサの斜塔倒してみたい
4516,ピサの斜塔倒してしまいたいな　世界遺産かは知らないけど
4517,草
4518,悪魔がおるw
4518,法隆寺燃やしたい...
4518,ストーンヘンジでドミノしたい
4518,ネクロノミコンはやべぇのよ
4519,背徳的だねｗ
4520,サクラダファミリアわかる
4522,鬼畜やね
4522,賽の河原の如く
4522,ネクロノミコンはｗ
4523,万里の長城は崩れたレンガの砂が売られている
4525,骸骨のはフランスの地下ね
4526,ピサの斜塔を真っ直ぐにしたい
4527,全然違ったｗ
4529,わかる
4530,素手で自由の女神を壊したいな
4530,完成しそうと聞くと壊したくなる
4533,サクラダファミリア壊したいよねぇ
4536,www
4537,完成した瞬間に壊したい
4539,完成しないことに意義があるって考え方もあろう
4539,そろそろ完成なんだっけ？
4539,未完だから美しいみたいな
4540,富士山とかピラミッドとかダイナマイトで爆破してみたい
4540,砂の城壊す人だ
4540,凄い詰るｗｗｗ
4540,また100年頑張ってね！！！
4543,ピサの斜塔、どんくらいで倒れるかチキンレースしたい
4543,横浜駅壊さないで・・・
4545,www
4545,完成予定は2026だって
4548,まっすぐｗｗ
4549,？？？「金閣寺もやしたいなぁ」
4549,人の心とかないんか！？
4550,"恐ろしや～( ´,_ゝ`)"
4550,ピラミッドでジェンガしたい
4551,それしたいわぁ
4552,だから怪獣映画とか特撮で壊されるんですよね
4552,モンサンミッシェルで何チーム化で外側から少しずつ削って、誰が倒すか勝負したい
4553,真っ直ぐにしたいw
4555,ピザの斜塔は定期的にクレーンで釣ってるだろ！
4555,直塔になっちゃう
4555,ピラミッドをデコりたい
4556,ピサの直塔
4556,ピサの斜塔まっすぐは悪魔だねえ
4557,パルテノン神殿でジェンガしたい
4558,それは悪魔や
4559,ピサの塔
4561,ミロのヴィーナスに腕つけたい
4561,砂上の城を崩すがごとしよ
4562,ただの塔
4564,ww
4564,ピラミッド爆破は呪われそう
4567,サグラダファミリア完成させて怒られたい
4567,スフィンクスを砲撃したい
4569,倒すんじゃなく真っ直ぐってのにセンス感じる
4571,モアイ掘り出したい
4574,企画しましょう
4574,ピラミッドでジェンガww
4580,掘り下げるのかｗ
4581,ピラミッドの周り緑化したい
4584,壊したい世界遺産w
4585,ナスカの地上絵
4585,みたいだね
4586,ならまだ間に合うか
4586,そうそう
4586,万里の長城もっと長くしたい
4586,コロッセオの高さ揃えたい
4586,工期短縮されたね
4586,そうみたいですね
4587,ほうほう
4589,いやいや
4590,ちょっと遅延しそうっていってたような
4590,ナスカの地上絵増やしたい
4590,2025年末に壊そう
4591,意外と近い
4592,割とすぐだな
4593,コロナで伸びたね
4593,尖塔の一つが完成しただけで全部完成したわけではないですよ
4594,ロードス島の巨人ならぬ小人建てたい
4596,建築技術が上がったおかげらしいですね
4599,外尾さんが頑張ってる
4599,横浜駅と戦ってたね
4601,完成しちゃうのか
4601,邪魔しようぜ
4602,壊すなら今！！
4602,あと4年？
4604,なんか、技術の進化で早まったんだっけ？
4604,壊す準備ｗ
4604,本当に完成するの？
4605,2026年になった瞬間壊そう
4606,模型を作るのに難儀してたんだよね
4606,うずうず
4607,とある技術者が入ってから異常にスピードアップした
4607,スフィンクスに長い鼻つけたい
4607,完成してからの方がよくないですか？
4608,万里の長城を片っ端から壊してみたい
4609,大阪城真っ二つにして金の大阪城が下から出てきたい
4609,本当に崩さないでくださいね
4611,新宿駅の工事みたい
4611,開幕式に爆破しようぜ
4618,完成発表の時にできたらいいね
4622,名前よw
4624,清水寺の舞台，地面上げて飛び降りれないようにしたい
4624,www
4625,終わらないからある程度諦めてたはず
4627,すごいラジオネームだ
4628,一応完成したことにしたとか言ってなかったけ？
4628,名前よw
4631,そういえばナポレオンは世界遺産壊したのか
4632,妄想は自由！！
4633,www
4633,草
4633,犯罪教唆w
4637,3dプリンタの技術の発展で大分短縮できた
4637,どうせスペインやよ？！
4637,るかこが言ったから壊しました
4637,「るかこさんに言われたので…」
4640,脳内だけに留めようね
4640,完成式で壊れたら楽しいだろうな
4641,妄想最強！
4642,おーけーおーけーそういうふりな
4643,るかこさんに壊せって
4644,裏ラジで教唆されました
4645,タージマハールを左右非対称にしたい
4646,草
4647,三島の金閣寺の話か？
4647,草
4648,おおこわいこわい
4648,この人がやれって言いました！
4650,未成年育成にも配慮
4651,「犯人は裏ラジで指示されたという供述を……」
4651,でたわね
4652,草
4652,悪意のある切り抜きだw
4653,草
4654,でたわね
4655,常連さんだ
4656,でたわね
4657,もぉぐもぉぐ
4657,先生がやれって！
4659,Ｍちｗ
4659,指定暴力団あにまーれ
4660,ここだけｗ
4660,Rさんｗ
4661,でたわね
4662,出たな
4663,でたな
4663,デンマークだっけマイクラ
4667,Ｍちは草
4667,まぁ横浜駅も完成したらしいし、サグラダファミリアもそのうちできるやろ
4668,ほぼ伏せてないw
4671,creepy nutsかと
4671,草
4671,Ｌミーティングw
4675,ん？
4677,Mちw
4678,だれだろうなぁ
4681,誰だろう
4681,Ｍち
4682,誰でしょうねえ
4684,伏せ字がすごいw
4684,くさ
4685,誰だろう
4686,ww
4687,草
4687,？！！
4689,ルー語かな
4689,www
4690,日本語でおｋ
4691,M越しのHwww
4692,何言ってるかわからねぇｗ
4692,日本語でおｋ
4692,もうわからないwww
4692,なんて？
4693,？？？
4693,草
4693,ｗｗｗｗｗｗ
4694,隠語多すぎぃ！
4694,草
4694,草
4695,草
4695,ようわからんｗｗ
4698,全然わかんねえ
4698,問題文みある
4699,もう何が何だか分からなくて草
4699,草
4700,ん？
4701,わかってるねー
4701,ややこしいｗ
4701,もうなにがなんだか・・・
4701,なんだ、メジャーコード弾いてきた？
4701,？？？？
4702,隠れてねぇw
4702,？？？
4703,なーんもわからんｗｗ
4704,？？？
4704,いや草
4705,まったくわからん
4705,訳わかんなくて草
4705,全く分からなくなってきて草
4706,何ですって？
4706,こころをKにするのテクニカル
4706,?????www
4706,？？
4707,これは暗号ですよるかこさん！！
4708,ちょっと文字起こししてください
4709,枚挙に暇がありません、かな……
4709,めっちゃ良い告白
4710,わからないwww
4710,ｗｗｗｗ
4710,Mにiが無いww
4710,？？
4711,後で解読にチャレンジしたくなるやつ
4711,試験問題？ｗ
4713,つまりどうゆうことだってばよ！？
4714,こいつDAIGOさんだろ
4714,なにかの問題文ですか？
4715,暗号かな？
4716,楽譜？
4716,あーなるほど、わかるわかる
4716,配線の組み合わせかなんか？
4716,歯科健診思い出した
4716,だいたいわかった
4717,うん…うん？
4717,これアコギで弾いたら曲になるとか？
4718,文面見せてもろてｗ
4718,なんだって？
4719,krkrm ouenstims
4719,なるほどわからん
4719,？？？
4720,怪文書ｗｗｗｗ
4720,？？？？？
4721,暗号や
4721,どういうことだキバヤシ
4721,加速してるww
4722,後半DAI語じゃんｗ
4724,Iだけはわかる
4724,あーね
4724,スパイの試験かな
4724,www
4724,"説明頼むwww( ´,_ゝ`)"
4724,スパイ要素出てきたな
4725,草
4725,レベル高えなぁww
4725,文章なら察せられそうなんだけど読み上げは無理ｗ
4727,もう暗号分
4727,よーし解読のお時間です
4727,完全に理解したわ
4727,なにも分からん…
4727,エニグマ！？
4729,草
4729,みんなで謎解きしたいやつ
4729,アイがありませんで笑った
4729,スパイの暗号かな
4730,あーね
4731,音で聞いたらわからんｗｗ
4732,なるほどｗｗ
4732,枚挙にいとまがないwww
4733,頭に入ってこない
4734,それはもうイニシャルなのか
4736,最終的にるかこさん推しなのはわかった
4737,歯科検診かな
4738,刑からの自慰
4738,ようわかったなｗ
4741,ちょっと文章で読みたいw
4741,枚挙に暇がありませんww
4743,ただし角AOBは直角とする
4745,みあちに愛がありませんかと
4745,ちょっと書いてもろて
4745,誰か平文に直して
4745,なるほど
4746,愛じゃなくてＩなのかｗ
4747,なにがなにやらｗ
4747,これからもよろしくお願いしますか......
4748,くるひもくるひも？
4749,音で聞いても何一つ分からん
4752,"解読頼むwww.www( ´,_ゝ`)"
4754,う・・・うん？
4754,センターの数学
4757,Ｍちしかわからんかった
4757,草
4759,こういうのすき
4762,わかるところはわかるｗ
4763,何が何だかｗ
4766,これからもなんたらかんたら
4767,解読してほしいｗ
4775,アイドルじゃなかったんですか
4778,RさんDJ松永さん
4779,しょうがねーだろアニマルなんだから
4779,お　し　っ　こ　団　体
4780,NG量産してる人モイルヨネ
4780,コミケでうんこの話してた
4786,草
4791,伏字w
4793,もう立ち位置よくわかんないな
4793,せやな
4797,NNS!!!
4798,そして大体誰かが他の酔っぱらいの生贄になりますよね
4802,深夜なら許される
4802,おしっこ団体あにまーれ
4802,伏字の可能性を見た
4807,Mち
4809,コミケでおっぱい出してたしな
4809,ハスーイがシャイツみたいなあれ
4813,なるほど？
4815,あにまーれだと伏字にしようとしてもすぐ伏字剝がれそう
4815,おしっこ団体・・
4820,話してる本人がわからなくならない…？
4821,そうね
4828,うんことおっぱいだらけ
4831,イニシャルを間違えそうなVのものがいそう
4831,KKたその精神があああ
4835,うん
4835,コミケは酷かったなw
4839,初回はやさしかったと後で思い知った
4840,冬ね
4845,ヒドイ枠がありましたね
4848,oppiのやつ
4850,出禁になったらあにまーれが原因って言われてたなｗ
4851,そやさんとめとちを混ぜる運営がいけない
4853,排便回数をアンケートしてた
4854,地獄の釜の蓋を開くな
4858,あっ
4860,Ｎちゃんか
4861,ですね
4862,草
4862,ｗｗｗｗｗ
4862,出禁すれすれ
4863,うるさい枠やね
4863,そやさんやん
4863,草
4863,あっ
4864,草
4865,あっ
4865,S島とS谷さんやね
4866,おっと
4866,HHさんが出てた枠ですね
4867,Hさんは
4867,Hさん
4868,おっと
4869,客を釣る
4869,あれかｗ
4869,www
4869,Nさんですね･･･
4869,ｗｗ
4872,草
4872,ほぼ繁華街
4873,ww
4874,Hさん
4874,www
4874,HNKMRN！？
4874,あっ
4874,よく出禁にならなかった
4875,わっさんが困ってた
4876,Ｓ，Ｓ，Ｗ，Ｍも枠ねｗ
4876,ｗｗ
4876,おぱいつよい
4878,Nちゃん
4878,ｗｗｗ
4879,あれかwww
4879,2日目のね
4880,ダブルSSだね
4880,ＯＰで足を停めさせるｗ
4882,NRちゃんとHKちゃんですねｗ
4885,HさんがHさんのおっぱいで…
4886,ＩＨさん
4887,"欲望に忠実で草( ´,_ゝ`)"
4894,一体なにHかりさんなんだ…
4894,気の引き方が歌舞伎町のそれ
4896,OPPAIで釣る社会実験
4896,HKちゃんか
4901,SさんのDリヘル呼んだ歌とか
4913,ななしも飛んでるよね
4913,OPIには抗えない
4913,出禁になるぞ
4915,常におっぱい言ってけ
4918,お　か　し　い
4919,ｗｗｗｗｗ
4919,草
4919,出禁になるわw
4919,次は無さそう...
4920,あにびっとじゃん
4920,えぇ...
4920,草
4920,風俗の呼び込みかな
4921,草
4922,さすがのANまーれ
4922,ななしぃ
4922,なんでななしがノリノリなんだよｗ
4922,あたおかやんけ
4922,えぇ……
4922,ダメよｗｗｗ
4923,最悪だｗ
4924,ななしさん？
4926,男って単純だわ...
4926,それでいいのかななし…
4926,どんなミーティングしえるのww
4926,味を占めたのかw
4926,どんなミーティングなの……
4927,草
4928,ななし何いってんだ
4928,いけない結論だｗ
4929,草
4929,ななし、いいのかそれでｗ
4929,酷くて草
4929,推奨なんだ
4929,たちの悪いキャッチなんだよなあ
4930,最悪のMTG
4931,反省ゼロで草
4931,出禁になるわｗｗｗ
4933,１７歳JK聞いてるんだよな…
4935,次回が最後のコミケ参加かあ…
4936,ななし変わっちまったなあ
4936,ミーティングの話題がエグいのよw
4936,どんなMTG
4937,OPには抗えない
4938,やはり娘にあにまーれ見るのやめさせます
4938,ばんされるわ
4939,草
4940,ひでぇ
4941,無敵で草
4941,JOJO
4942,ななし的にはいいのかそれｗ
4942,えぇ...
4943,つよい
4944,あにまーれってすごい
4944,ポジティブ～
4944,ななしぃ
4944,むちゃくちゃで草
4945,強すぎィ
4945,ななしも理性蒸発してない？
4945,草
4945,強い
4945,ww
4947,草
4948,品性を疑うダンス
4949,悪質な客引きで草
4949,釣り方があにびっとの末裔
4949,ひどいｗ
4950,草
4952,あにまーれ以外にも774メンバーが居ることを忘れていますよね
4956,帰ってこない:owl:ﾎｰｩ
4956,www
4960,やべぇ無敵だ
4962,はーいな
4964,あにまーれだけ出禁ｗ
4966,1クールのレギュラーより1回の伝説
4970,湖南さんはマッチングアプリ心配ですね
4972,あばよコミケ よろしく勇気
4974,あー
4984,ハニストは単独でブース取ったほうがいい
4987,ああ
4991,あってるよ
4992,飛ばないフクロウ:owl:
5011,素敵
5015,永遠の半分は永遠
5027,当たったら凄いねえ
5029,中島らもさんは言葉選びが素敵よね
5034,無限数にも大小があるってみたいな話？
5037,草
5039,あっ
5039,やめてさしあげて
5043,草
5044,予言じゃないなｗ
5044,見えますね
5045,草
5045,あっ
5046,みあち･･･
5046,俺も見えた
5047,草
5047,何処の湖南はんやろか？
5047,ありそうｗ
5048,ありそう
5048,かなしい
5049,無限ループの兆候か？
5049,辛いなぁ
5049,ww
5050,お？
5050,あっ
5052,草
5052,中島らもはガダラの豚しか読んだこと無いな
5052,ほんまや見えた
5052,Mさん
5053,くっきり見えてる
5054,可哀想なミーアキャット
5054,当たりそう…
5054,予言か？ｗ
5055,止めてあげてよ
5057,ふむw
5060,事実
5062,でしょうねｗ
5063,確定の予感
5069,見えすぎだろうｗ
5071,そだな…
5072,草
5072,草
5073,草
5073,wwww
5073,草
5074,ｗｗｗ
5075,なんであんなに婚約者候補いるのに……
5077,草
5077,草
5078,草
5078,草
5078,草
5079,草
5081,予言...w
5081,草
5081,草
5082,100通で草
5084,大丈夫だよ！今年はるいちゃんがアドバイスしたから
5086,湖南みあ結婚ダービーしようぜ
5089,予言の予言だと･･･
5090,名前出るだけでおもしろい
5091,草
5092,えっ？できるよ
5099,お見合い企画立ててもいいかも
5101,逆に夏くらいに電撃結婚して欲しい
5101,預言者多すぎて草
5103,結婚できるに花京院の魂を賭けるぜ！
5103,大人気コンテンツ
5104,みあちの婚期で先物市場作れるから
5110,カニ鍋か
5114,人気なんだなって
5115,　8　％
5115,みあち人気だな
5115,人気はあるんじゃない？
5119,蟹部改め芋部
5121,おっ、大人気だな
5121,すごい注目度
5122,あにまーれコラボでみあちの名前でない回は無い説
5124,愛されてんな
5124,婚活芸人
5126,外部コラボでも「あいつ強い」って言われとったし
5127,いじりやすいよね
5128,大人気ですね
5128,すごいな
5129,ネタにしやすい
5129,好かれているってのが正しいのかね？
5131,みあち人気ですね
5132,みあち愛されてるから･･･
5133,圧倒的存在感
5135,注目度は間違いなく高い
5136,愛だねぇｗ
5140,"ネタにしやすいのでしょうねww( ´,_ゝ`)"
5143,吸引力がやばい
5143,今年は無理にレバ1000倍
5146,愛されてるね
5148,あんな面白い人間中々おらんで
5149,みあち人気ね
5155,あっ
5158,やめろやめろ
5158,愛だよ愛
5160,思った
5162,わかる…
5163,予言というかもはや予定調和の域
5164,あー
5166,あっ
5167,あー・・・
5169,思った・・・
5169,あっ
5170,VITAちゃん…
5170,わかる
5170,逆神きたな
5171,おお
5171,あー
5171,あっ
5172,全然当たってないやん
5173,さて
5174,あー
5174,逆神かぁ
5174,あっ　あっ　あっ
5175,草
5175,あっ
5175,さて
5176,逆神じゃないか
5177,あるなぁ
5177,めっちゃわかる
5177,あっ
5179,あ...
5179,あ
5181,その流れかぁ
5181,草
5181,おいｗｗｗｗ
5181,あｗ
5181,勘がド鈍いニキ・・・
5181,あー…
5182,もうダメだ
5182,あっ･･･
5182,ことごとく裏目ってるｗ
5182,あっ…
5182,なるほどね
5183,あー…
5183,だめそう
5184,やめろやめろ
5184,草
5184,おやおや
5185,草
5185,草
5185,あ・・・
5186,ここから始まるのおもろ
5186,あっ
5187,あっ
5187,あー
5187,おおお
5188,ww
5188,さてではない
5188,あっ
5188,あっ
5190,あぁ．．．
5190,これは……
5190,悲しいなぁ
5191,あっ
5191,さてw
5193,これは信頼できる
5193,あぁ終わったわ
5193,あっ
5193,もうおしまいだぁ
5193,壮大な伏線ｗ
5194,あっ・・・
5194,あかん・・・
5195,w
5196,やめてさしあげろｗｗｗ
5197,逆張りマンだ！！
5197,逆神さま
5197,どうして前提を置いたのか
5200,あっｗ
5200,おいレバ振ったやつ今すぐ買い戻せ！！！
5200,外す前提やん
5200,逆に鋭いだろうこれは
5202,ひどいw
5202,逆バリニキ
5203,競馬の買い目毎週聞きたいなぁｗ
5205,株は買うなよ（笑）
5209,ああっ…
5209,vitaいいよね…
5209,前提条件がじわじわ
5210,今までの実績がちげぇよ
5211,信ぴょう性×
5211,湖南みあコイン買って大損しろ
5214,三度目の正直
5214,君のように勘の鈍いガキは好きだよ
5221,なんてこった
5221,グッバイみあちフォーエバーみあち
5224,まぁ青天の霹靂という言葉もありましてね
5224,テレクラも頑張ってるし
5227,テレクラもな
5228,まだ日本国籍強いからきっと結婚できるよ
5228,みあコインは振れ幅デカすぎるから
5231,そうねｗ
5234,みあさんも走って殴るレベル
5236,言ってたねー
5237,婚約者候補いるのに！
5240,全みるちーずファンが注目してますね
5243,瀬島のマッチングアプリレベルが高すぎる
5244,できるといいねー
5244,変えてないんやろうなぁ・・
5246,"本当皆様お好きww( ´,_ゝ`)"
5247,終わってからも話してたらしいからねｗ
5250,草
5255,それな
5255,そうなんだよねw
5256,ほんとそれ
5261,w
5261,世界の秩序を破壊する予言来たな
5263,婚約者候補は応援してる気がする
5263,婚約者候補どんな気持ち？
5264,本気で応援してるし、同じくらい面白い
5265,エンタメとして見てる
5266,この調子じゃまだまだ先やな(安心)
5267,ちゃこちゃんが先に結婚するに1票
5267,普通に応援してる
5274,あれ被害者の会だから
5275,みアミーゴはすごいよ
5275,被害者の…
5277,この前赤い糸つながったしいけるやろ
5278,違和感なく聞いてたけど確かにおかしい
5279,被害者の会だから
5279,通称被害者の会
5280,被害者の会
5282,正式に被害者の会に移行するだけでは？
5283,被害者の会では……？
5284,被害者の会じゃないの！？
5285,どっちに転んでも面白いと思って眺めてる
5291,結婚したら騙されてないか心配になる
5295,3Dw
5296,名前変わるのかな　婚約者候補
5296,ほー
5298,３ｄ結婚式配信は楽しみ
5298,結婚するなら幸せな結婚をしてくれるよう応援してます
5299,湖南一族になるのか
5300,3D配信は草
5302,ｗｗｗ
5303,既婚者の婚約者候補って業が深すぎない？
5303,スピーチしよう
5305,3Dブーケトスやらなきゃ
5309,www
5309,何なら司会者頼まれそうｗｗ
5311,新郎はアバター作ってくれるの？
5311,カニ部は呼ばれるでしょ
5318,誰もすると思ってないのでは
5320,元婚約者候補？ｗ
5320,重婚候補
5322,仲人大浦
5324,一族なら家族になってるね
5325,一族w
5325,ブーケトスを？
5327,その時次第かもしれない
5327,夫がさあってめっちゃいう湖南みあなんか嫌だ
5327,俺らのこと背負ってくれるのか
5328,婚約者候補（過去形）
5329,幸せならなんでもいいよ
5334,仲人になるぞ
5335,てんとう虫のサンバ練習しといたほうがいいよ
5336,え　籍入るの？結婚したのに？
5339,くさ
5340,一族…壮大！
5342,新郎はななしのでええんちゃう
5342,るかこさん神父役で
5343,今はみあちゃんよりひかちゃんのが心配
5344,心労の新郎
5344,新郎は量産型ななしになりそう
5345,量産ななし(新郎)
5353,それはバズりそうだ
5354,みあちは結婚したら実家に住みたいって言ってたからな
5357,過去の男たちとかもいいな
5361,！？
5363,なんか草
5366,ＡＮＭ４８
5366,悲劇？
5368,バイバイン・・・
5369,ワオ〜
5371,ハムスターかな？
5371,うわわわわ
5373,ｗｗｗｗ
5373,ケータリングの取り合いwww
5374,AKB（赤羽）48か
5375,悲劇！？
5375,ケータリングwww
5375,うわぁ･･･
5376,EXILEの増え方
5377,プロレスかな
5377,混沌を極めてる
5378,3団体ｗ
5378,取り合い......
5379,食べ物の恨みは怖いな
5380,ケータリングのとりあいｗｗｗ
5381,かちこみじゃー！
5382,ケータリングの取り合いだけありそう
5382,プロレス団体かな？
5382,なんてことだ
5383,アイドルあにまーれ・・・？
5384,三国志？
5385,ありそう
5386,あにまーれ∀とか出そう
5387,組長が締めるからなー
5388,どうみても最後が原因
5389,ケータリングの取り合いｗ
5389,三国志？
5389,プロレス団体みある
5389,あつまーれ
5389,ケータリングｗ
5389,ANMR48
5390,元祖あにまーれが決まる
5390,ラーメン屋ののれん分けかよ
5391,まぁあにまーれだし
5392,ファイナルのリハでもケータリングの取り合いしてそう
5393,またぐなよ、またぐなっ
5394,ちょっと見てみたい
5395,るかこが強そう
5395,水滸伝できるじゃん
5396,やっぱりプロレス団体じゃないか
5396,ななしさんも爆発的に増えてそう
5397,どろぬま
5397,るかこさんはどこに所属するのかな
5397,主にケータリングかw
5399,食べ物の恨みはおそろしいね
5399,風見くく争奪戦起こりそう
5399,草
5402,派閥争いみたいな
5402,コロシアエー
5402,自然界は厳しいなあ
5404,ケータリング戦争
5409,プロレス団体か
5409,アイドルあにまーれなんてあるんですか？
5409,アイドル？
5411,あにまーれZEROが始まりそう
5412,ケータリングの取り合いｗ
5412,プロレスみたいになっとる
5413,るかこさんは深夜でしょ
5413,動物被り多そうだなぁ…
5415,ねるちゃんとそやさんとらんたろうかな？
5417,全部因幡組が潰しそう
5417,るかこさんは因幡組直参でしょ
5417,アイドル、、、ないなあ
5419,そりゃレジスタンス側でしょ
5420,全日本あにまーれVS新日本あにまーれ
5421,一時大戦前のバルカン半島よりも燻っている
5422,誰がどこに行くのか考え出すと…
5422,プロレスｗｗｗｗ
5424,また妄想配信？
5424,そうでしょ
5426,プロレスだね
5426,ケータリングの取り合い草
5426,プロレスかぁ
5427,デスゲーム始まったな
5428,歌合戦じゃないのｗｗ
5429,今のあにまーれは全員初代だよ？アイドルも新人もいないでしょ？
5430,年末にふさわしい
5432,るかこさんはマネージャー陣じゃないの
5433,草
5433,元祖あにまーれも完全な外から参戦しそう
5434,椅子取りパワーで
5434,ねるちゃんは弱い
5435,ねるちゃん....
5436,つよい
5436,イス取り合戦の再来だ
5436,歌合戦って言ってるんだよなぁ
5437,片手で負けるねるちゃん
5439,結局そこか
5439,カバとかゾウの新人入ってきたら確保しとけ
5440,鳥獣歌合戦の意味が違ってくる
5441,草
5442,そうねｗ
5444,"興味深いですねw( ´,_ゝ`)"
5448,確かに
5449,草
5449,パッションと狂気のそやさんかｗ
5451,www
5451,竿役は貴重だもんね
5451,くくたそｗ
5451,そやるかとか勝ち確じゃん
5453,くくたそおなか下すから…
5453,竿役の取り合いは醜いものよのお
5454,そやさんつよつよだからねw
5456,だけど落とし穴の罠にかかりそう
5456,争奪戦ｗ
5456,ww
5458,パオンちゃんの出番だな
5459,強そうｗ
5459,フィジカルだと組長が…
5460,つよそう
5460,あの風見w
5463,ブル中野とかアジャコングもあにまーれになれるなら
5463,くくはねるちゃんに付きそう
5463,草
5464,ぱおんちゃんつっよ
5464,ねるちゃんとづみちゃんの押し付け合い
5464,ぱおんちゃん・・・
5464,ぱおんちゃん！
5464,くくたその胃がマッハ
5464,ぱおんちゃんが
5464,ぱおんちゃん…
5465,ぱおんちゃん
5465,今からフィジカル強めの新人囲む準備しないと
5466,ここからはフィジカルの勝負になるぞ！！
5468,プロレスって、トークでしょ？
5468,ぱおんちゃんｗ
5469,ぱおんちゃんｗｗ
5471,草
5471,パオーンちゃん
5471,くくたそは欲しいねぇ
5472,血を血で洗う戦いが始まる...
5472,パオンちゃんいるね
5475,ｗ
5475,いちごみるくしか飲まないぱお
5476,ゾウいたなあｗ
5476,ぱおんちゃんw
5478,ぱおんちゃん！！
5478,ぱおんちゃんｗ
5479,司…
5479,天開さんかｗ
5479,草
5481,大食い勝負ならちろるが天下
5482,パオンちゃん...派音ちゃんもいるよなぁｗ
5482,ちろる先生だけで20くらい賄いそう
5482,ぱおんちゃんw
5483,そやさんとらん太郎はシュガリリに移籍してるかもしれないｗ
5484,尻に爆弾抱えてるしな
5484,スカンクとかユニコーンとかもいるから…
5485,ぱおんちゃんはピンクエレファントだからなぁ…
5486,ピンクの象・ぱおんちゃん
5486,派王院さんの話はやめておこう
5488,もう動物園なんよ
5493,ぱおんちゃんは強そうｗ
5495,派王院・・・ｗ
5501,パオンちゃんｗ
5502,現実世界でも時代を変えた象兵は強すぎる
5508,あっ
5508,虚弱プロレス喫茶
5509,あれは酷かったw
5509,もやしよりももやしっ子
5512,片手でなーww
5512,あれか
5513,あったねぇ
5513,ねるちゃん･･･
5513,ｗｗｗ
5515,あっ
5515,片手でひねりつぶされたねるちゃん・・・
5515,ねるちゃんはちょっとダントツで・・・
5516,あっ
5516,片手で微動だにしなかったねｗ
5516,あｗ
5516,あっ
5518,圧倒的でしたね…
5518,ジャージるかこすき
5518,持ってるだけワロタ
5519,あのShort動画美し過ぎる
5519,伝説の棒引き対決
5520,片手だったw
5521,勝手に倒れてましたね
5523,ねるちゃんｗｗ
5523,ｗｗｗｗｗｗ
5524,"見ましたwwwwww( ´,_ゝ`)"
5524,あのショートは爆笑物でした
5524,あれはなぁw
5525,はねるさん何も出来てなかったからねゲームの方ｗｗ
5525,あれ自滅なんだ
5527,あれはひどかったwww
5527,パンチングマシン7の女やで
5527,ねるちゃん…
5527,あれ酷いw
5528,組長、フィジカルがなー
5528,ねるちゃんあれるかこさんがよくわかってないのに先手とって引き始めたよね
5528,さすが風パンチの使い手
5529,動画になってたねｗ
5529,なんであれでねるちゃん負けるんだって笑った
5530,片手だったのにねｗ
5532,見ました〜
5535,圧倒的フィジカルの差
5535,るかこさんが最強ってこと・・？！
5536,るかこさん自称フィジカル弱いって言ってたのに
5539,フィジカルクソザコ部
5539,えぇ？ｗ
5540,組長・・・
5540,あれほんとに力入れてないの分かって面白かった
5540,ねるちゃんのパンチ力4ｋｇだからなー
5542,何ってただ持ってただけだが？
5542,ねるちゃん屁理屈王だし口で勝つしか
5543,みんな困惑してた
5548,パトちゃんがいなかったら新衣装見れなかった･･･
5548,パトラ様があにまーれを掌握するってこと？
5548,あにまーれフィジカル極端すぎる
5548,ねるちゃん...
5549,主役はパトラさんでは
5550,引っ張った反動で倒れてたまである
5552,またまた～台本でしょ？
5553,そこからのパトラさんの圧勝
5553,強キャラのセリフ
5555,るかこさんて左利き？？
5555,やっぱり猛禽類なんやなって
5556,まさか棒の自重で？
5558,反復横跳びに並ぶ映像
5564,草
5565,でもダンスはキレッキレじゃん？
5565,相対的つよつよ
5566,相対的ゴリラ
5567,ケロッグコンボのCMみたい
5568,相対的評価がｗ
5569,ねるちゃんはバックが凄まじいから
5572,るかこは椅子取りゲームで無双してたじゃん
5573,もうやめて、ネルちゃんのライフはゼロよ
5575,ねるちゃんが群を抜いてるからな・・・
5577,"はねるさん両手使ってたのにww( ´,_ゝ`)"
5577,パピコを食べすぎた
5577,ラップバトルしよう
5579,屁理屈王
5580,屁理屈王だもんなぁ
5583,屁理屈王はヤバい
5584,偏差値がちげぇ
5587,ディベートだったら2強やんけ
5590,大浦さんどっちでも生き残りそうだけど
5590,歌どこいった
5590,るかこさん椅子取りも強かったね
5592,超獣プロレス合戦
5593,ラップバトルか
5595,歌部門、論破部門、プロレス部門
5595,歌(物理)
5596,歌だけで済むかな？
5599,あごの力なら優勝できそう
5601,アイドルとは
5604,歌合戦で椅子取りゲームするあにま－れだから
5611,こんばんノストラダムス
5612,こんばんノストラダムス
5612,こんばんノストラダムス！
5614,こんばんノストラダムス
5614,ノストラ
5614,ほう
5615,ラジカセかぁ
5618,こんばんノストラダムス
5619,レコードも流行ったしね
5619,ほう
5620,こんばんノストラダムスｗ
5621,こんばんノストラダムス
5621,こんばんノストラダムス
5624,こんばんノストラダムス
5626,カセット実際増えてますね
5626,レコード流行ってるらしいしなぁ
5627,ラジカセなあ
5628,ラジカセはマニアの間で再燃してますね
5628,すでに流行ってきてるらしいね
5630,ほう
5630,ラジカセ売ってる店あるよ
5632,こんノス
5633,るかこさんの右上にも・・・
5633,定期的にレコード流行るのと一緒か
5634,オートリバースのユニットもう作れないって…
5635,こんばんノストラダムス
5637,テープ値上がりしてるね
5638,レコードが流行ったから次の段階にはあるかもね
5640,にゃんにょ
5640,ん？
5640,にゃんにょ
5640,確かに見ますね
5641,もうラジカセは流行ってんだよなぁ
5642,にゃんにょ
5643,にゃんにょ
5643,カセット版とか売られてるよね
5648,演歌が流行るだと？？
5649,にゃんにょ
5651,ニューヨークの黒人かよ
5651,にゃんにょ
5653,ほうほう
5656,巻き戻しの意味がようやく若者にも通じる時代が・・・
5656,昔のバンドブームみたいにデモテープ配るの流行ってますよね
5657,ビデオテープもそうみたいですね　貞子復権？
5659,にゃんにょ
5666,肩にかつぐんや
5671,でもマイメロだからなぁ
5675,肩にでっけーーーーラジカセ載せてほしい
5678,今右上にテープありますので・・・
5678,あー
5679,インスタントカメラね
5682,使い捨てカメラやね
5683,るかこがやるっていうからティックトック入れた
5684,チェキかな
5684,レンズ付きフィルム
5684,炊飯器にラジカセついたりしないかしら
5684,あーはやってたね
5684,フジカラー
5686,使い捨てカメラか
5688,レンズ付きフィルムありましたね～
5689,あー
5689,今もけっこう人気よ
5689,懐かしい
5690,写ルンですは定期的に流行る
5692,使い捨てカメラ一時期再ブームしてたねぇ
5692,写ルンですは修学旅行で配られたな...
5692,ブームありましたね
5694,その場で確認できない楽しみ方
5694,流行ってたね
5695,普通の使い捨てカメラか
5695,あー
5697,年代ばれるで
5701,あー一瞬流行ってましたね
5702,指が映り込んじゃったりねｗｗ
5703,あーあったね
5703,あ～
5704,今でも売ってるからね
5704,今もあるのかー
5704,伝染るんですかと思った
5708,携帯普及して消えた印象あるけどあるんだ
5708,メーカー「レンズ付きフィルムです」
5708,写ルンです根強い
5712,昔のカメラはそうなのよ・・・
5712,子供の時はお世話になったなぁ
5713,現像高くてなー
5715,伝染るんです
5715,わかる
5716,逆に良いのね
5716,写真屋ですが写ルンですはバブルでした
5717,わかるｗ
5717,昔と違うからねぇ
5719,わかる～～現像高い
5719,そうなんだよねぇ
5720,24枚ぐらしか取れない気がした
5720,あー
5720,まあフィルムだからね
5721,現像に持ってくのがめんどくさい
5721,ですよねｗ
5721,ですね
5724,そうねｗ
5725,そうなんだ
5725,吉田戦車？
5727,まあそうよね
5728,写ルンです然りフィルムカメラは現像高い
5729,しゃーない
5729,そうなんですよね……
5731,そうなんだ
5731,昔ほどどこでも受け付けてくれんしな
5733,もうスマホ以外で撮れる自信ねーわぁ
5733,肩にラジカセ載せて火星人倒しに行こう
5734,まぁタダに比べたら・・
5736,自分で現像してみましょう
5737,自分で現像室つくる？
5739,そう考えるとデジカメ便利だねぇ
5741,現像しないと自然に焼けちゃうよ
5741,自分で現像しよう
5743,感光してなければいいが
5745,タイムカプセルになっちゃった
5745,たまってて家で現像したことある
5749,現像スペースの作り方ググろう
5751,一枚２０円くらい？
5753,写らなかったんです
5755,デジカメ世代はなあ
5758,そうね
5759,もうスマホで撮るのに慣れきっちゃったなぁ
5767,一枚40円が相場よ
5770,現像はそう簡単にはいかないねえｗ
5771,現像してくれる所ってまだどれくらいあんのかな
5772,フィルムは大変
5773,草
5773,家に現像設備あるよ　１００万くらいする
5776,現像して写真データＣＤに焼いてくれるサービスもあるからなぁ
5777,エンドレスｗ
5778,あれまあ
5778,www
5780,草
5780,カメラ屋さん、死滅しちゃったよね
5782,なんで買うねん
5783,何年も置くと何撮ったかマジで忘れて怖くて現像できなくなるんですよ
5787,カメラのキタムラ行かないと
5788,現像代そのものは別に変ってないんだよなぁ
5788,現像しないまま放置あるある
5791,フィルムからプリンタ印刷できるようになればいいね
5791,写真のタイムカプセルみたい
5793,うんうんそれもまたエモだね
5793,思い出をずっと閉じ込めてる
5793,フィルムだめになるよ
5794,ブラックボックスよね
5795,1000年後に発掘されます
5798,日に当たると消えちゃうよ…
5798,ダバさんだー
5799,ｗｗ
5803,昔の歌謡曲の歌詞に出てきそう
5805,劣化がいい味になりそう
5805,ダバさんｗ
5805,タイムカプセルかな？
5806,永遠に現像されないフィルムエモい
5807,変なの写り込みそう
5807,ダバさんｗ
5809,この前現像したら地獄やった
5809,ダバさんｗ
5811,ダバさん
5812,わかる
5812,テンション上がってて草
5812,そのうち現像ができなくなりそう
5812,ダバさんもようみとる
5813,ダバさんｗ
5815,楽しみにするんですかｗ
5816,ダバさん！
5817,今の写ルンですはスマホに転送できるので意味がわからない
5817,ミステリーはじまるの！？
5817,こわ！
5818,ダバさん！
5819,写真屋さんが驚愕しないものを撮ってくれ
5822,劣化はすると思う
5823,感光だけさせなけりゃなんとか
5825,現像できる環境がいつまであるか・・・
5827,劣化してもなんか味がありますね
5828,ウッキウキで草
5828,草
5831,心霊写真映る可能性も
5831,フィルム劣化しちゃうよ
5843,めっちゃ楽しそう
5849,現像だけしときなさいw
5849,メメントかな
5849,ワンチャン死んだあとに現像されると考えると闇に葬りたい感はある
5852,リレー小説始まりそう
5855,水曜どうでしょうで似たような事やってた
5856,知らない人と仲よさげに写った自分の写真が…
5858,せめて、遮光ボックスで保管しないとね
5861,心霊写真とか撮れてたら配信で使えそう
5865,確認できないから当時の写真は大変だったね
5870,旅行行って写真とって、現像してから場所を当てるとか
5871,？？？
5872,フィルム現像だけで1000円弱、プリント1枚40円ぐらい
5873,現像できるうちにやっとこうよｗ
5874,拾ったUSBメモリー覗けないのと同じ感じ？
5892,無茶ぶり企画ｗ
5894,あっ
5894,草
5894,ああ
5895,あ
5895,あーｗ
5895,やっぱないですよねｗ
5895,あー
5895,あっ
5897,去年のわたし
5898,草
5898,草
5899,12月の自分ｗ
5900,気付いたww
5900,草
5901,あら
5902,ないなあとは思ってました
5903,昔写ルンですを膝とかにぶつけてフラッシュさせて遊んでた
5906,草
5906,oh
5906,草
5907,去年の大浦めえ
5907,草
5907,確かにでてないなとはおもった
5908,12月のるかこさんしっかり！
5908,草
5908,忙しかったのよ
5909,第二弾のBも紹介してないですよ
5909,忙しすぎて忘れてたんじゃ？
5910,最低だな12月の大浦るかこ
5911,草
5911,草
5912,現在のるかこは悪くない
5912,過去浦さん忙しかったから
5913,なんてこった、12月のるかこさん悪い奴だなあ
5913,そうね
5915,あっ気づいて言うの忘れてた
5915,お題難しかったからなぁ
5915,過去と今は別人なのでね
5917,まぁチューバウトとかで忙しかったですし・・・
5918,お、おう
5918,別人だからセーフ
5918,責任転嫁ｗｗ
5921,去年のるかこさんのせいだから関係ない
5921,草
5922,過去の自分は別人よ
5923,草
5923,過去浦さんが悪いね
5923,テセウスの船かな
5923,図書室も久しいのう
5924,12月るかこさぁ…
5926,悪い人ですね
5926,その論法毎回笑う
5927,きちんと叱っといて
5927,おのれ12月の大浦るかこ！
5927,しれっと立てていくスタイルｗ
5927,頼むぜ明日のるかこ！！
5930,自分の連続性って哲学的だよね
5933,許せねぇよなぁ！
5933,チューバウトあったから…
5935,己が許せねぇ
5936,頑張ってたんですってば！！
5937,許せねえよな
5938,おのれ！
5938,おのれ
5938,そんなことないよ:double_exclamation_mark:︎
5939,許せねえなあ！
5939,12月のるかこさんも色々忙しかったから…
5940,ｗ
5940,12月の大浦は置いてきた
5941,12月の大浦るかこ、好きだったなぁ・・・
5941,しゃーない
5943,12月の大浦るかこ許せねぇな
5944,電脳図書室も忘れないで
5946,ま、まあ、彼女も忙しそうだったし…
5947,おのれ！
5948,はーい
5953,はーい
5956,銀河鉄道だっけ
5960,はーい
5961,今日は2時間か？
5963,今さらだ
5966,のどの不調も何のその
5967,1月のるかこさんも半月くらい忘れてたの草
5969,はーい
5972,100分は1時間
5972,UNKNOWNいも
5973,安納ん
5975,Unknown芋
5979,ついに来るか
5980,おのれ12月のるかこ！第二弾のBもコミュニティで紹介するって言ってたのにww
5982,安寧運？
5988,どこのSAOかな？？
5990,いいねー
5991,恐ろしいシステムで草
5992,SAOｗ
5993,saoやん
5994,ログアウトできなくなりそう
5994,聞くと怖い技術だな
5995,ほう
5995,どこのSAO
5996,デスゲーム始まりそう
5998,SAOかな？
5999,SAOはじまってまう
6000,SAOｗｗ
6007,ww
6008,ｗｗｗ
6008,へえ
6010,ほうほう
6013,技術特異点
6014,を？
6014,たぶんFANZAで流行る
6014,まじか
6014,†KIRITO†
6015,へーーーー
6015,あぁそういえばそうだ
6015,なるほどね
6016,マジか…
6016,今年か！
6016,そういうことかｗ
6018,ゲーム性など無くても乳さえもめればいい
6019,あら
6019,そういえばそれくらいか
6020,リアルSAO…！
6025,アトムも出来たし分かる
6030,豚さんきたあ
6030,BTTF追い越したみたいなアレか
6030,お！豚の心臓コレかー
6031,最後でｗｗｗ
6032,伏線回収だ
6032,対に出て来たｗ
6032,わくわくしてきたな
6033,エモい
6033,牛にそんなことしてんのかー
6033,繋がった
6034,豚の心臓伏線回収
6034,ｗｗ
6036,草
6036,頭に電子レンジ乗っけないといけないで
6036,予言きた
6036,伏線回収
6038,伏線回収
6038,エモい
6039,やっとフラグ回収
6039,伏線回収
6041,伏線回収！？
6044,そうなんだ
6044,豚回収！！
6045,作者ツイートしてたなぁ
6048,伏線回収できてよかった
6048,めぐり合っちゃったかｗ
6051,うんうん
6051,人間の進歩遅くない？
6052,2112だぞ
6054,ドラえもんha
6054,そうねぇ
6055,ドラえもんは後ろ倒しになってるんじゃなかったっけ
6057,ドラえもんはまだだよ
6057,エヴァも過ぎ
6058,ドラちゃんは2112やぞ
6060,使徒襲来の年も過ぎてる
6060,ジェッターマルスもとっくに生まれとるな
6060,ドラえもんは100年先ない？
6060,うんうん
6060,サードインパクトも過ぎたね
6061,まぢ！？！？
6061,最初に過ぎたのはパトレイバーだったなぉ…
6061,エヴァの年では?
6062,使徒襲来も過ぎてる
6062,.hackはいつなんだろ？
6064,ドラえもんはまだだね
6064,エアボードまだ？
6064,who who:owl:
6065,北斗の拳もとっくに過ぎている
6066,次はブレードランナーかな
6068,ドラえもんじゃなくてタイムマシンよ
6068,つらい
6070,人類の進歩は遅々としてますねぇ
6073,アトムはおう杉田
6074,アトムかな
6075,バックトゥザ・フューチャーで話題になったね
6076,アトムは過ぎた
6076,やだやだ
6076,アトムはとっくじゃない？
6077,ブレードランナーとか
6078,攻殻機動隊もそろそろか
6079,AKIRAもすぎた
6079,ドラえもんは100年あるな
6083,ウルトラマンもとっくに過ぎてますね
6084,ドラえもんはあと90年じゃなかったっけ
6086,北斗の拳なんて19xxから20xxにしれっと変えた
6087,ブレードランナーも過ぎたしなぁ
6087,どうりでおじさんになっちゃたわけだ
6092,サイバーフォーミュラも過ぎちゃった
6098,攻殻は2040くらいだっけ
6099,思ったよりも進歩してなところもあるよね
6099,AKIRAは東京五輪だったなw
6103,2112年
6104,へぇー
6104,アトムは過ぎてる
6105,耐えれそうにないぜ…
6109,マクロスの進宙式も過ぎた
6110,鉄腕アトム　2003年4月7日　ドラえもん　2112年9月3日
6111,30年前の
6111,AKIRAもかぁ
6113,中止だ中止！
6115,ロックマンエグゼも過ぎた
6115,未来を生きてるんだなって
6117,東京オリンピック来たからねぇ
6122,AKIRAさんもか
6122,アキラが東京五輪のやつか
6125,世界線の軸がズレただけだよ！
6126,ＡＫＩＲＡのオリンピックはマジで予言だったな
6128,2001年宇宙の旅
6130,こないだ人間の脳の信号で直接ロボットを動かすニュースありましたね
6131,ブレードランナー2049のほうならまだギリ
6134,AKIRAは合致具合で流行ったね
6134,車がチューブを走るのはいつだろうね
6135,アキラかぁ
6137,AKIRAは作中の東京オリンピックと同じ2020年だったとかで話題になったね
6152,SF関係は見積もりが早すぎる
6157,追いつかすしかねぇ！
6158,３０年前の進研ゼミのおまけの未来予想図ほぼ当たっててひいた
6160,やむを得ず電脳化したいですね
6162,門外漢
6163,SFの想像力を追い抜きてぇなあ
6164,これじゃあるかこさんが生きてるうちに電脳化できない
6168,追いつくことが幸せなのかどうか
6172,誰か頑張って！
6175,リニアモーターカーの商用利用もまだなのに、いつになったら車が浮くようになるんだろうね
6177,スマホの進化ははやすぎる
6179,www
6181,くさぁ！
6184,らしいね
6186,牛がエロゲ見てるってこと？
6186,有りましたね
6186,リラックスするみたいですね
6186,ｗｗｗ
6186,あれ発想もすごいし見た目もすごかった
6189,草
6191,エッチな気持ちにさせるんかな？
6191,草原の映像みせるやつ
6191,画像検索してみると面白いですよ
6195,リラックスするらしい
6198,いまむしろ余ってるっていう
6199,コスト的にどうなんやろ(笑)
6200,牛も錯覚するんだな
6200,クラシック聞かせて育てるのはあったような
6201,Matrixに近い世界にできるのかも
6202,ユートピアだなあ
6203,子牛の映像みせるのかな？
6203,優しい言葉とは違うだろｗｗ
6204,コスト悪そうｗ
6206,牛ですけど
6206,リラックスして効率上がるらしいよ
6208,子供がいっぱいいる景色じゃね？
6211,広いところにいると錯覚させるのかな
6212,湖南はんにも被せてみよう
6212,ホバークラフト見るになんでも浮かせればいいってもんじゃない
6213,それぞれですからね！
6217,牛舎で草原とか見せるだっけね
6218,「人それぞれ」便利すぎるな
6218,スー族
6219,VR帰宅というブラックジョークがリアルになりそうで怖い
6222,アメリカンブッダやろう
6225,VRでもDTはDTだよ
6226,風だけはリアルだから
6228,アメリカンブッダ
6228,考え物ですね
6231,実はみんなHMDつけてるんだよ
6231,メガテン2にそんな話あったなぁ
6232,ダーリンインザフランクスかな？
6233,ワシは楽園追放派かな
6233,気持ちいい溶液に浮かぶ脳みその図じゃん・・・
6234,:brain:「大浦るかこ面白い」
6235,眠り狂四郎の世界もある意味ユートピアだしね
6239,かなり先だと思うけどなー
6247,ゲーテッドが幸せなのよねぇ
6252,そろそろ現実に戻るカー
6255,マトリックスか
6256,しょーもないバグで死にそうだよ
6257,水槽コポコポやめて
6257,そうだったのか…
6258,www
6259,マトリックスかな？
6260,マトリックスじゃん
6260,幻覚ヤッター！
6262,チャット欄は全員AIだよ
6262,せやで
6262,胡蝶の夢
6262,マトリックスかな？
6262,実は水槽に浮かぶ脳だぞ
6263,マトリックス見ました？
6265,配信は集団幻覚
6266,なんせ我々AIだしね
6267,みあちも続き早くやれ
6268,僕はAIです
6268,胡蝶の夢
6272,大正時代から見れば既にディストピアだろう
6272,せやね
6275,胡蝶の夢
6276,全部AIだよ
6277,そうね
6278,うんうん
6278,実はAIだったんだよ
6278,この配信は幻だった…
6279,ワイもbotやしな
6280,世界はＡＩに満ち溢れてる
6281,我々もバーチャルだよ
6281,まさにスー族
6282,botだってバレちゃった
6282,なるほどｗ
6283,実は俺らAIだよ
6285,うんうん
6286,本当に...？
6286,バーチャルって凄い
6289,生配信をVR空間上でコンスタントに出来て、スタジオ観覧できる時代に…
6289,イデア
6289,実質AIってことじゃん。やったね。
6291,集合知ってまさか…
6291,エーアイノワケナイヨ
6292,幸せならそれでいいや
6293,オレ、人間
6293,コメント全部bot説
6294,AIなるほど
6295,だとしたらバグがひどい
6295,りんなだよ
6296,もうAIでもいいや
6299,私はロボットではありません
6299,楽しければよい
6299,存在するバーチャル
6301,コミケで「リスナーって実在したんだ！」って言ってたよね
6301,幸せならいいんよ
6303,この世界は5分前に作られたかもしれませんしね
6303,どうもAIです
6304,てえてえうんうん草
6304,ture♡love
6306,長引いたなぁｗｗｗ
6306,(大浦るかこは言えるのか？)
6307,アーカイブ勢はこの配信時間をみて笑ってそう
6307,のど大丈夫ｗ
6307,集合知（ＡＩ）
6307,ｗｗ
6309,草
6309,そういえばコーナー切替え時のフクロウ鳴いてなかったですね
6310,早めに終わりますとは
6310,草
6311,はやめとは
6312,気づかないほうが幸せなことがいっぱい
6312,はーい
6312,早め（大嘘）
6312,草
6312,早めに・・・
6312,いつもどおりですね
6313,早めに終わるってなんだろう
6314,お？早めだな＾＾
6315,早めにw
6315,またるかこさんに騙された
6315,草
6315,のどお大事に
6315,草
6315,ｗｗ
6317,四捨五入したらまだ1時間だから
6317,伏線回収w
6317,1時間45分前の大浦さんなので知らない人ですね
6318,知ってた
6318,はやいですね（）
6321,いつも通り
6321,過去だからネ
6321,生身の人間見て感動して泣いたあんこっさんもいるし
6322,予言通りになりましたね
6322,早めに終わります
6322,1時間45分ですね草
6323,草
6324,ドイツんだ？オランダ
6327,おw
6327,一時間前のるかこが悪いよなー
6328,ええ？
6328,どこのどいつだぁーい？
6328,いいわけたすかる
6330,100分前は別人
6332,1月のるかこさんもヤバそうだなあ
6335,今週も濃かったなぁ
6335,矛盾こそが人間か
6336,いつもどうりでヨシッ！
6337,いつも通りで逆に安心
6338,政治家には向かない
6338,四捨五入...？
6338,ね！
6339,ｽｩｰｰｰｰｰ
6341,前もそんなこと言って2時間近くやってた
6341,今日今が確かなら万事快調よって林檎嬢も言ってた
6343,早めにｗ
6343,私はフロンティアセッター
6348,すぐ屁理屈でごまかす
6350,るかこ時間
6351,言ってたなw
6352,昨日のるかこは別人
6352,お、そうだな
6353,時間で四捨五入したらまだ０時間
6354,長くやってくれてありがとう
6354,屁理屈ゥ！
6357,ね！
6358,いってた
6360,切り捨て過ぎなのよ
6360,ずっとその理論で裏ラジは歩んできたから…
6362,目指せ屁理屈王
6363,そういう事w
6363,前向きな姿勢大事よな
6364,2時間ではないから2時間ではない
6367,楽しいから大丈夫
6371,200円を198円にすると安く見える理論
6372,わすれなさい
6372,草
6373,たのしみー
6379,ほう
6380,四捨五入で1時間だからだいじょぶ
6381,ほう
6383,おぉ
6383,おお
6384,ほお
6384,お！
6384,はーい
6385,楽しみ
6386,謎解き？
6388,スパイでは
6389,おー
6389,はーい
6389,推理ゲームかな
6392,楽しみ！
6393,いつものメンツww
6396,楽しみです
6397,名探偵、、、、、
6402,いづみさんの誕生日？
6402,お水えらい
6404,見よう
6405,宇宙っぽい
6406,楽しみです
6407,たのしみだ～
6408,高評価と高評価と高評価
6413,ちろるの新衣装は楽しみだね
6414,月野木ちろる新衣装！
6418,おーけー？
6418,おお！
6420,そうなんだ！
6420,おぉ！
6420,ちろ先の新衣装！
6421,おー
6421,言ってた
6421,おー
6422,いってた
6423,いってた
6423,言ってた
6423,え？
6424,言ってた？
6424,言ってたよ！
6424,いってました！
6424,言ってた
6424,言ってましたね
6425,新衣装たのしみー
6425,楽しみ
6425,言ってましたよ
6425,言ってましたよ
6426,えっ！？　言ってた
6426,言ってました
6427,ほお
6427,いっていました
6427,言ってた
6427,昼に言ってた気がする
6428,お昼に言ってました
6428,言ってた
6429,おおお！
6430,言ってたよ
6430,言ってたよ
6431,うん
6431,言ってました
6432,言ってたよ
6432,つぶやいてたから大丈夫
6432,言うてた
6433,ｗｗｗｗｗｗｗ
6433,ゆめかうつつか
6434,急にひよってて草
6434,言ってたよ
6434,あっ
6435,ちろ先の新衣装たすかる
6436,言ってたっけ？
6436,お昼に言ってましたね
6437,大丈夫よw
6438,ちろる先生も新衣装くるんだ
6438,お洩らししちゃった？
6439,ｗｗｗｗ
6439,ｗｗ
6442,ｗｗ
6444,おお、ついに！！
6445,カレンダーには書いてなかったけど口頭で言ってたはず
6445,新衣装楽しみだねぇ
6448,また幻術なのか！？
6453,昼配信見れてないから今知った！びっくり！
6457,楽しみだなあ
6458,せんと君の衣装になるって言ってた
6458,現実と虚構のあーい？
6460,おお～
6460,おー
6461,たのしみ
6462,楽しみ
6464,づみさんの！
6464,おおづみちゃん回か
6465,おー、づみちゃん
6466,はーい
6466,づみちゃんの微公式か！
6466,おー楽しみー
6467,おぉ
6467,おお！楽しみ！
6467,次はづみさんか
6468,楽しみ
6471,センシティブエピソード集まりそう
6472,はーい
6472,おおー
6474,あーい
6475,あーい！
6476,づみママ微公式あるのか
6477,楽しみ
6477,あーい
6478,アァーイ！
6480,おお、づみちゃん回
6480,カツレツ？
6480,TUBEOUT!FESアーカイブ1/19まで
6480,微公式wiki大好き
6480,はーい
6481,カツレツなら仕方ない
6482,飯テロェ・・・
6482,あわいっていい言葉ですよね
6483,カツレツ
6483,カツレツだぁ
6483,澹（あわい）
6484,カツレツがぁ
6486,あーい！
6486,おなかのすく活舌だぁ
6489,病気ｗ
6490,:clapping_hands::clapping_hands::clapping_hands::clapping_hands:
6492,メタボリックシンドローム
6492,滑舌がカツレツ
6492,クソ不健康じゃないですか
6493,カツレツ食べようぜ！
6495,おつまーれ
6495,おつまーれ～～
6495,おつまーれ！
6495,おつまーれ！
6495,おつスー族
6495,メタボリック？？
6495,おつまーれ
6496,オオカミじゃん
6496,おつまーれっ
6496,高脂血症ｗｗｗｗ
6496,おつまーれ！！
6496,おつまーれ
6496,おつまーれ
6496,おつまーれ
6496,おつまーれ！
6496,おつまーれ
6496,メタボやめてｗ
6496,おつまーれ！
6497,おつまーれ
6497,おつまーれ
6497,おつまーれ
6497,おつまーれ
6497,おつまーれ！
6497,おつまーれ
6497,おつまーれ！
6497,おつまーれ！
6497,おつまーれ！
6497,おつまーれ～
6497,おつまーれ！
6497,おつまーれ！
6497,おつまーれ！
6498,おつまーれ
6498,おつまーれ！
6498,おつまーれ
6498,おつまーれ
6498,おつまーれ！
6498,おつまーれ！
6498,おつまーれ
6498,おつまーれ
6498,おつまーれ！
6498,おつまーれ～
6498,おつまーれ
6498,おつまーれ！
6499,おつまーれ！
6499,おつまーれ
6499,おつまーれ！
6499,おつまーれ！
6499,おつまーれ！
6499,おつまーれ！
6499,おつまーれ
6499,おつまーれ！
6499,おつまーれ！
6499,おつまーれ
6499,おつまーれ！
6499,おつまーれ
6499,おつまーれー
6499,おつまーれ
6500,おつまーれ
6500,おつまーれ！
6500,おつまーれ！
6500,また新しい言葉覚えちまった、ありがとう
6500,おつまーれ
6500,おつまーれ
6500,おつまーれ！
6500,おつまーれ！
6501,おつまーれ
6501,おつまーれ
6501,おつまーれ
6501,おつまーれ！
6501,おつまーれ
6501,おつまーれ！
6501,おつまーれ
6501,おつまーれ
6502,おつまーれ
6502,おつまーれ！
6502,おつまーれ
6502,おつまーれ:red_heart:
6502,おつまーれ！
6502,おつま～れ
6502,おつまーれ
6503,おつまーれ
6503,おつまーれ！
6503,おつまーれ
6503,づみちゃんの微公式wikiたのしみ
6503,おつまーれ
6503,おつマーレ
6503,おつまーれ！
6503,おつまーれ！
6503,おつまーれ！
6503,おつまーれ
6504,おつまーれ！
6504,おつまーれ
6504,おつまーれ
6504,おつまーれ！
6504,揃っちゃまずいんよ
6504,おつまーれ
6504,おつまーれ
6505,おつまーれ！
6505,おつまーれ
6505,おつまーれ！
6505,おつまーれー
6505,おつまーれ
6505,おつまーれ
6506,おつまーれー
6506,おつまーれ！
6506,おつまーれー
6506,おつまーれ
6506,おつまーれ！
6507,おつまーれ
6507,おつまーれ
6510,おつまーれ
6510,おつまーれ
6511,おつまーれ
6512,おつまーれ！
6512,おつまーれ
6512,おつまーれ
6512,おつまーれ！
6513,配信者のやつ……？
6514,こんな時間にとんかつ食いたくさせるのはギルティすぎんか
6518,おつまーれ！
6518,おつまーれ
6518,おつまーれ
6520,おつまーれ
6520,面白かったです！
6520,おつまーれ
6520,おつまーれ！
6521,喉お大事に！！
6523,おつまーれ！
6524,おつまーれ！
6527,おつまーれ！
6529,おやすみなさいまし～
6535,アメリカンブッダよむ
